Easting,Northing,Elevation
398000,304000,152.9
398420,304000,143.9
398840,304000,135.7
399260,304000,128.8
399680,304000,123.6
400100,304000,120.4
400520,304000,119.4
400940,304000,120.6
401360,304000,123.9
401780,304000,129.2
402200,304000,136.0
402620,304000,144.0
403040,304000,152.5
403460,304000,161.0
403880,304000,169.0
404300,304000,175.7
404720,304000,180.6
405140,304000,183.2
405560,304000,183.1
405980,304000,180.1
406400,304000,173.8
406820,304000,164.4
407240,304000,152.0
407660,304000,136.7
408080,304000,119.1
408500,304000,99.5
408920,304000,78.6
409340,304000,57.1
409760,304000,35.6
410180,304000,14.9
410600,304000,0
411020,304000,0
411440,304000,0
411860,304000,0
412280,304000,0
412700,304000,0
413120,304000,0
413540,304000,0
413960,304000,0
414380,304000,0
414800,304000,0
415220,304000,0
415640,304000,0
416060,304000,0
416480,304000,2.3
416900,304000,12.7
417320,304000,21.5
417740,304000,28.6
418160,304000,33.6
418580,304000,36.3
419000,304000,36.7
419420,304000,35.0
419840,304000,31.5
420260,304000,26.4
420680,304000,20.3
421100,304000,13.7
421520,304000,7.1
421940,304000,1.3
422360,304000,0
422780,304000,0
423200,304000,0
423620,304000,0
424040,304000,0.7
424460,304000,8.7
424880,304000,19.6
425300,304000,33.4
425720,304000,49.5
426140,304000,67.8
426560,304000,87.5
426980,304000,108.1
398000,304420,146.2
398420,304420,137.1
398840,304420,128.7
399260,304420,121.7
399680,304420,116.5
400100,304420,113.2
400520,304420,112.2
400940,304420,113.5
401360,304420,116.9
401780,304420,122.3
402200,304420,129.3
402620,304420,137.4
403040,304420,146.1
403460,304420,154.9
403880,304420,163.1
404300,304420,170.1
404720,304420,175.3
405140,304420,178.3
405560,304420,178.6
405980,304420,175.9
406400,304420,170.1
406820,304420,161.1
407240,304420,149.1
407660,304420,134.2
408080,304420,117.0
408500,304420,97.9
408920,304420,77.5
409340,304420,56.4
409760,304420,35.3
410180,304420,15.0
410600,304420,0
411020,304420,0
411440,304420,0
411860,304420,0
412280,304420,0
412700,304420,0
413120,304420,0
413540,304420,0
413960,304420,0
414380,304420,0
414800,304420,0
415220,304420,0
415640,304420,0
416060,304420,0
416480,304420,6.1
416900,304420,16.4
417320,304420,25.2
417740,304420,32.2
418160,304420,37.0
418580,304420,39.6
419000,304420,39.9
419420,304420,38.0
419840,304420,34.2
420260,304420,28.8
420680,304420,22.4
421100,304420,15.5
421520,304420,8.6
421940,304420,2.4
422360,304420,0
422780,304420,0
423200,304420,0
423620,304420,0
424040,304420,0
424460,304420,7.3
424880,304420,17.8
425300,304420,31.1
425720,304420,46.8
426140,304420,64.6
426560,304420,83.9
426980,304420,104.1
398000,304840,137.9
398420,304840,128.6
398840,304840,120.1
399260,304840,113.0
399680,304840,107.7
400100,304840,104.4
400520,304840,103.4
400940,304840,104.7
401360,304840,108.2
401780,304840,113.7
402200,304840,120.9
402620,304840,129.2
403040,304840,138.2
403460,304840,147.2
403880,304840,155.7
404300,304840,163.0
404720,304840,168.6
405140,304840,172.0
405560,304840,172.7
405980,304840,170.5
406400,304840,165.1
406820,304840,156.6
407240,304840,145.1
407660,304840,130.7
408080,304840,114.0
408500,304840,95.4
408920,304840,75.5
409340,304840,54.9
409760,304840,34.3
410180,304840,14.4
410600,304840,0
411020,304840,0
411440,304840,0
411860,304840,0
412280,304840,0
412700,304840,0
413120,304840,0
413540,304840,0
413960,304840,0
414380,304840,0
414800,304840,0
415220,304840,0
415640,304840,0
416060,304840,0
416480,304840,9.6
416900,304840,19.9
417320,304840,28.7
417740,304840,35.6
418160,304840,40.3
418580,304840,42.7
419000,304840,42.8
419420,304840,40.6
419840,304840,36.6
420260,304840,30.9
420680,304840,24.1
421100,304840,16.8
421520,304840,9.6
421940,304840,2.9
422360,304840,0
422780,304840,0
423200,304840,0
423620,304840,0
424040,304840,0
424460,304840,5.0
424880,304840,15.0
425300,304840,27.8
425720,304840,43.0
426140,304840,60.3
426560,304840,79.1
426980,304840,98.9
398000,305260,128.2
398420,305260,118.7
398840,305260,110.0
399260,305260,102.7
399680,305260,97.3
400100,305260,94.0
400520,305260,93.0
400940,305260,94.4
401360,305260,98.0
401780,305260,103.6
402200,305260,111.0
402620,305260,119.5
403040,305260,128.8
403460,305260,138.1
403880,305260,147.0
404300,305260,154.7
404720,305260,160.7
405140,305260,164.5
405560,305260,165.7
405980,305260,163.9
406400,305260,159.1
406820,305260,151.1
407240,305260,140.1
407660,305260,126.3
408080,305260,110.1
408500,305260,92.1
408920,305260,72.7
409340,305260,52.6
409760,305260,32.6
410180,305260,13.3
410600,305260,0
411020,305260,0
411440,305260,0
411860,305260,0
412280,305260,0
412700,305260,0
413120,305260,0
413540,305260,0
413960,305260,0
414380,305260,0
414800,305260,0
415220,305260,0
415640,305260,0
416060,305260,1.8
416480,305260,13.1
416900,305260,23.4
417320,305260,32.1
417740,305260,38.9
418160,305260,43.5
418580,305260,45.7
419000,305260,45.5
419420,305260,43.1
419840,305260,38.7
420260,305260,32.7
420680,305260,25.6
421100,305260,17.8
421520,305260,10.1
421940,305260,3.0
422360,305260,0
422780,305260,0
423200,305260,0
423620,305260,0
424040,305260,0
424460,305260,1.9
424880,305260,11.3
425300,305260,23.6
425720,305260,38.3
426140,305260,55.0
426560,305260,73.3
426980,305260,92.5
398000,305680,117.1
398420,305680,107.4
398840,305680,98.5
399260,305680,91.1
399680,305680,85.6
400100,305680,82.3
400520,305680,81.3
400940,305680,82.7
401360,305680,86.4
401780,305680,92.2
402200,305680,99.7
402620,305680,108.6
403040,305680,118.1
403460,305680,127.8
403880,305680,137.0
404300,305680,145.1
404720,305680,151.6
405140,305680,155.9
405560,305680,157.5
405980,305680,156.3
406400,305680,152.0
406820,305680,144.6
407240,305680,134.2
407660,305680,121.0
408080,305680,105.5
408500,305680,88.0
408920,305680,69.3
409340,305680,49.8
409760,305680,30.4
410180,305680,11.7
410600,305680,0
411020,305680,0
411440,305680,0
411860,305680,0
412280,305680,0
412700,305680,0
413120,305680,0
413540,305680,0
413960,305680,0
414380,305680,0
414800,305680,0
415220,305680,0
415640,305680,0
416060,305680,5.1
416480,305680,16.5
416900,305680,26.8
417320,305680,35.5
417740,305680,42.1
418160,305680,46.6
418580,305680,48.6
419000,305680,48.1
419420,305680,45.4
419840,305680,40.7
420260,305680,34.3
420680,305680,26.7
421100,305680,18.6
421520,305680,10.4
421940,305680,2.8
422360,305680,0
422780,305680,0
423200,305680,0
423620,305680,0
424040,305680,0
424460,305680,0
424880,305680,7.0
425300,305680,18.6
425720,305680,32.7
426140,305680,48.9
426560,305680,66.6
426980,305680,85.2
398000,306100,104.9
398420,306100,94.9
398840,306100,85.9
399260,306100,78.3
399680,306100,72.7
400100,306100,69.3
400520,306100,68.4
400940,306100,69.8
401360,306100,73.7
401780,306100,79.6
402200,306100,87.4
402620,306100,96.5
403040,306100,106.3
403460,306100,116.4
403880,306100,126.0
404300,306100,134.6
404720,306100,141.5
405140,306100,146.3
405560,306100,148.5
405980,306100,147.9
406400,306100,144.2
406820,306100,137.4
407240,306100,127.6
407660,306100,115.1
408080,306100,100.2
408500,306100,83.4
408920,306100,65.3
409340,306100,46.5
409760,306100,27.8
410180,306100,9.7
410600,306100,0
411020,306100,0
411440,306100,0
411860,306100,0
412280,306100,0
412700,306100,0
413120,306100,0
413540,306100,0
413960,306100,0
414380,306100,0
414800,306100,0
415220,306100,0
415640,306100,0
416060,306100,8.6
416480,306100,20.0
416900,306100,30.2
417320,306100,38.8
417740,306100,45.4
418160,306100,49.6
418580,306100,51.4
419000,306100,50.7
419420,306100,47.7
419840,306100,42.6
420260,306100,35.8
420680,306100,27.8
421100,306100,19.1
421520,306100,10.4
421940,306100,2.2
422360,306100,0
422780,306100,0
423200,306100,0
423620,306100,0
424040,306100,0
424460,306100,0
424880,306100,2.0
425300,306100,13.0
425720,306100,26.4
426140,306100,41.9
426560,306100,59.0
426980,306100,77.0
398000,306520,91.9
398420,306520,81.6
398840,306520,72.3
399260,306520,64.6
399680,306520,58.9
400100,306520,55.4
400520,306520,54.5
400940,306520,56.0
401360,306520,60.0
401780,306520,66.1
402200,306520,74.1
402620,306520,83.5
403040,306520,93.7
403460,306520,104.1
403880,306520,114.2
404300,306520,123.2
404720,306520,130.7
405140,306520,136.0
405560,306520,138.8
405980,306520,138.8
406400,306520,135.8
406820,306520,129.6
407240,306520,120.5
407660,306520,108.7
408080,306520,94.5
408500,306520,78.4
408920,306520,61.0
409340,306520,42.9
409760,306520,24.9
410180,306520,7.4
410600,306520,0
411020,306520,0
411440,306520,0
411860,306520,0
412280,306520,0
412700,306520,0
413120,306520,0
413540,306520,0
413960,306520,0
414380,306520,0
414800,306520,0
415220,306520,0
415640,306520,0
416060,306520,12.1
416480,306520,23.5
416900,306520,33.8
417320,306520,42.3
417740,306520,48.8
418160,306520,52.8
418580,306520,54.3
419000,306520,53.3
419420,306520,50.0
419840,306520,44.5
420260,306520,37.2
420680,306520,28.8
421100,306520,19.6
421520,306520,10.3
421940,306520,1.6
422360,306520,0
422780,306520,0
423200,306520,0
423620,306520,0
424040,306520,0
424460,306520,0
424880,306520,0
425300,306520,6.9
425720,306520,19.6
426140,306520,34.5
426560,306520,50.9
426980,306520,68.2
398000,306940,78.1
398420,306940,67.5
398840,306940,58.0
399260,306940,50.2
399680,306940,44.3
400100,306940,40.8
400520,306940,39.9
400940,306940,41.5
401360,306940,45.6
401780,306940,51.9
402200,306940,60.1
402620,306940,69.8
403040,306940,80.4
403460,306940,91.2
403880,306940,101.7
404300,306940,111.3
404720,306940,119.3
405140,306940,125.2
405560,306940,128.6
405980,306940,129.3
406400,306940,126.9
406820,306940,121.5
407240,306940,113.1
407660,306940,102.0
408080,306940,88.5
408500,306940,73.2
408920,306940,56.5
409340,306940,39.2
409760,306940,21.8
410180,306940,5.1
410600,306940,0
411020,306940,0
411440,306940,0
411860,306940,0
412280,306940,0
412700,306940,0
413120,306940,0
413540,306940,0
413960,306940,0
414380,306940,0
414800,306940,0
415220,306940,0
415640,306940,3.6
416060,306940,15.8
416480,306940,27.3
416900,306940,37.6
417320,306940,46.0
417740,306940,52.3
418160,306940,56.2
418580,306940,57.5
419000,306940,56.2
419420,306940,52.4
419840,306940,46.5
420260,306940,38.8
420680,306940,29.8
421100,306940,20.1
421520,306940,10.3
421940,306940,0.9
422360,306940,0
422780,306940,0
423200,306940,0
423620,306940,0
424040,306940,0
424460,306940,0
424880,306940,0
425300,306940,0.5
425720,306940,12.5
426140,306940,26.6
426560,306940,42.3
426980,306940,59.0
398000,307360,63.9
398420,307360,53.0
398840,307360,43.3
399260,307360,35.2
399680,307360,29.3
400100,307360,25.8
400520,307360,24.8
400940,307360,26.5
401360,307360,30.7
401780,307360,37.3
402200,307360,45.7
402620,307360,55.7
403040,307360,66.6
403460,307360,77.9
403880,307360,88.9
404300,307360,99.0
404720,307360,107.5
405140,307360,114.1
405560,307360,118.2
405980,307360,119.5
406400,307360,117.8
406820,307360,113.1
407240,307360,105.5
407660,307360,95.1
408080,307360,82.5
408500,307360,67.9
408920,307360,52.0
409340,307360,35.4
409760,307360,18.8
410180,307360,2.9
410600,307360,0
411020,307360,0
411440,307360,0
411860,307360,0
412280,307360,0
412700,307360,0
413120,307360,0
413540,307360,0
413960,307360,0
414380,307360,0
414800,307360,0
415220,307360,0
415640,307360,7.6
416060,307360,19.9
416480,307360,31.5
416900,307360,41.7
417320,307360,50.1
417740,307360,56.2
418160,307360,59.9
418580,307360,60.9
419000,307360,59.3
419420,307360,55.2
419840,307360,48.8
420260,307360,40.7
420680,307360,31.1
421100,307360,20.8
421520,307360,10.4
421940,307360,0.3
422360,307360,0
422780,307360,0
423200,307360,0
423620,307360,0
424040,307360,0
424460,307360,0
424880,307360,0
425300,307360,0
425720,307360,5.2
426140,307360,18.6
426560,307360,33.5
426980,307360,49.5
398000,307780,49.5
398420,307780,38.3
398840,307780,28.3
399260,307780,20.1
399680,307780,14.0
400100,307780,10.5
400520,307780,9.5
400940,307780,11.3
401360,307780,15.7
401780,307780,22.4
402200,307780,31.1
402620,307780,41.4
403040,307780,52.8
403460,307780,64.5
403880,307780,75.9
404300,307780,86.5
404720,307780,95.7
405140,307780,102.9
405560,307780,107.6
405980,307780,109.6
406400,307780,108.7
406820,307780,104.8
407240,307780,97.9
407660,307780,88.4
408080,307780,76.5
408500,307780,62.7
408920,307780,47.6
409340,307780,31.9
409760,307780,16.0
410180,307780,0.8
410600,307780,0
411020,307780,0
411440,307780,0
411860,307780,0
412280,307780,0
412700,307780,0
413120,307780,0
413540,307780,0
413960,307780,0
414380,307780,0
414800,307780,0
415220,307780,0
415640,307780,12.1
416060,307780,24.5
416480,307780,36.1
416900,307780,46.3
417320,307780,54.6
417740,307780,60.6
418160,307780,64.0
418580,307780,64.8
419000,307780,62.8
419420,307780,58.3
419840,307780,51.5
420260,307780,42.9
420680,307780,32.8
421100,307780,21.9
421520,307780,10.8
421940,307780,0.1
422360,307780,0
422780,307780,0
423200,307780,0
423620,307780,0
424040,307780,0
424460,307780,0
424880,307780,0
425300,307780,0
425720,307780,0
426140,307780,10.6
426560,307780,24.8
426980,307780,40.0
398000,308200,35.2
398420,308200,23.7
398840,308200,13.5
399260,308200,5.0
399680,308200,0
400100,308200,0
400520,308200,0
400940,308200,0
401360,308200,0.6
401780,308200,7.6
402200,308200,16.6
402620,308200,27.2
403040,308200,38.9
403460,308200,51.1
403880,308200,63.1
404300,308200,74.2
404720,308200,84.0
405140,308200,91.8
405560,308200,97.3
405980,308200,100.0
406400,308200,99.8
406820,308200,96.6
407240,308200,90.6
407660,308200,81.8
408080,308200,70.8
408500,308200,57.8
408920,308200,43.6
409340,308200,28.6
409760,308200,13.6
410180,308200,0
410600,308200,0
411020,308200,0
411440,308200,0
411860,308200,0
412280,308200,0
412700,308200,0
413120,308200,0
413540,308200,0
413960,308200,0
414380,308200,0
414800,308200,0
415220,308200,4.2
415640,308200,17.0
416060,308200,29.6
416480,308200,41.2
416900,308200,51.4
417320,308200,59.6
417740,308200,65.5
418160,308200,68.7
418580,308200,69.2
419000,308200,66.9
419420,308200,62.0
419840,308200,54.7
420260,308200,45.5
420680,308200,34.9
421100,308200,23.4
421520,308200,11.7
421940,308200,0.3
422360,308200,0
422780,308200,0
423200,308200,0
423620,308200,0
424040,308200,0
424460,308200,0
424880,308200,0
425300,308200,0
425720,308200,0
426140,308200,2.8
426560,308200,16.2
426980,308200,30.7
398000,308620,21.1
398420,308620,9.3
398840,308620,0
399260,308620,0
399680,308620,0
400100,308620,0
400520,308620,0
400940,308620,0
401360,308620,0
401780,308620,0
402200,308620,2.4
402620,308620,13.3
403040,308620,25.4
403460,308620,38.1
403880,308620,50.5
404300,308620,62.3
404720,308620,72.7
405140,308620,81.1
405560,308620,87.3
405980,308620,90.7
406400,308620,91.3
406820,308620,88.9
407240,308620,83.7
407660,308620,75.8
408080,308620,65.5
408500,308620,53.4
408920,308620,40.0
409340,308620,25.9
409760,308620,11.7
410180,308620,0
410600,308620,0
411020,308620,0
411440,308620,0
411860,308620,0
412280,308620,0
412700,308620,0
413120,308620,0
413540,308620,0
413960,308620,0
414380,308620,0
414800,308620,0
415220,308620,9.7
415640,308620,22.7
416060,308620,35.3
416480,308620,47.0
416900,308620,57.2
417320,308620,65.3
417740,308620,71.0
418160,308620,74.0
418580,308620,74.2
419000,308620,71.5
419420,308620,66.2
419840,308620,58.5
420260,308620,48.8
420680,308620,37.6
421100,308620,25.5
421520,308620,13.1
421940,308620,1.0
422360,308620,0
422780,308620,0
423200,308620,0
423620,308620,0
424040,308620,0
424460,308620,0
424880,308620,0
425300,308620,0
425720,308620,0
426140,308620,0
426560,308620,8.1
426980,308620,21.8
398000,309040,7.6
398420,309040,0
398840,309040,0
399260,309040,0
399680,309040,0
400100,309040,0
400520,309040,0
400940,309040,0
401360,309040,0
401780,309040,0
402200,309040,0
402620,309040,0
403040,309040,12.5
403460,309040,25.5
403880,309040,38.6
404300,309040,50.9
404720,309040,61.9
405140,309040,71.0
405560,309040,77.8
405980,309040,82.0
406400,309040,83.4
406820,309040,81.8
407240,309040,77.4
407660,309040,70.3
408080,309040,60.9
408500,309040,49.6
408920,309040,37.1
409340,309040,23.8
409760,309040,10.4
410180,309040,0
410600,309040,0
411020,309040,0
411440,309040,0
411860,309040,0
412280,309040,0
412700,309040,0
413120,309040,0
413540,309040,0
413960,309040,0
414380,309040,0
414800,309040,2.8
415220,309040,15.8
415640,309040,29.0
416060,309040,41.8
416480,309040,53.5
416900,309040,63.6
417320,309040,71.7
417740,309040,77.2
418160,309040,80.0
418580,309040,79.9
419000,309040,76.9
419420,309040,71.2
419840,309040,63.0
420260,309040,52.8
420680,309040,41.0
421100,309040,28.3
421520,309040,15.2
421940,309040,2.4
422360,309040,0
422780,309040,0
423200,309040,0
423620,309040,0
424040,309040,0
424460,309040,0
424880,309040,0
425300,309040,0
425720,309040,0
426140,309040,0
426560,309040,0.5
426980,309040,13.4
398000,309460,0
398420,309460,0
398840,309460,0
399260,309460,0
399680,309460,0
400100,309460,0
400520,309460,0
400940,309460,0
401360,309460,0
401780,309460,0
402200,309460,0
402620,309460,0
403040,309460,0.2
403460,309460,13.8
403880,309460,27.3
404300,309460,40.2
404720,309460,51.8
405140,309460,61.6
405560,309460,69.1
405980,309460,74.1
406400,309460,76.2
406820,309460,75.4
407240,309460,71.8
407660,309460,65.6
408080,309460,57.0
408500,309460,46.6
408920,309460,34.9
409340,309460,22.4
409760,309460,9.9
410180,309460,0
410600,309460,0
411020,309460,0
411440,309460,0
411860,309460,0
412280,309460,0
412700,309460,0
413120,309460,0
413540,309460,0
413960,309460,0
414380,309460,0
414800,309460,9.5
415220,309460,22.7
415640,309460,36.1
416060,309460,49.0
416480,309460,60.8
416900,309460,70.9
417320,309460,78.8
417740,309460,84.2
418160,309460,86.8
418580,309460,86.4
419000,309460,83.1
419420,309460,76.9
419840,309460,68.3
420260,309460,57.5
420680,309460,45.2
421100,309460,31.8
421520,309460,18.1
421940,309460,4.6
422360,309460,0
422780,309460,0
423200,309460,0
423620,309460,0
424040,309460,0
424460,309460,0
424880,309460,0
425300,309460,0
425720,309460,0
426140,309460,0
426560,309460,0
426980,309460,5.8
398000,309880,0
398420,309880,0
398840,309880,0
399260,309880,0
399680,309880,0
400100,309880,0
400520,309880,0
400940,309880,0
401360,309880,0
401780,309880,0
402200,309880,0
402620,309880,0
403040,309880,0
403460,309880,2.9
403880,309880,16.9
404300,309880,30.4
404720,309880,42.6
405140,309880,53.1
405560,309880,61.3
405980,309880,67.0
406400,309880,69.9
406820,309880,69.9
407240,309880,67.1
407660,309880,61.7
408080,309880,54.0
408500,309880,44.4
408920,309880,33.5
409340,309880,21.9
409760,309880,10.2
410180,309880,0
410600,309880,0
411020,309880,0
411440,309880,0
411860,309880,0
412280,309880,0
412700,309880,0
413120,309880,0
413540,309880,0
413960,309880,0
414380,309880,4.2
414800,309880,17.0
415220,309880,30.4
415640,309880,44.0
416060,309880,57.0
416480,309880,68.8
416900,309880,78.9
417320,309880,86.8
417740,309880,92.0
418160,309880,94.4
418580,309880,93.7
419000,309880,90.0
419420,309880,83.5
419840,309880,74.4
420260,309880,63.1
420680,309880,50.2
421100,309880,36.2
421520,309880,21.7
421940,309880,7.5
422360,309880,0
422780,309880,0
423200,309880,0
423620,309880,0
424040,309880,0
424460,309880,0
424880,309880,0
425300,309880,0
425720,309880,0
426140,309880,0
426560,309880,0
426980,309880,0
398000,310300,0
398420,310300,0
398840,310300,0
399260,310300,0
399680,310300,0
400100,310300,0
400520,310300,0
400940,310300,0
401360,310300,0
401780,310300,0
402200,310300,0
402620,310300,0
403040,310300,0
403460,310300,0
403880,310300,7.6
404300,310300,21.6
404720,310300,34.5
405140,310300,45.6
405560,310300,54.5
405980,310300,60.9
406400,310300,64.6
406820,310300,65.4
407240,310300,63.4
407660,310300,58.8
408080,310300,51.9
408500,310300,43.1
408920,310300,33.1
409340,310300,22.3
409760,310300,11.4
410180,310300,1.0
410600,310300,0
411020,310300,0
411440,310300,0
411860,310300,0
412280,310300,0
412700,310300,0
413120,310300,0
413540,310300,0
413960,310300,0.4
414380,310300,12.2
414800,310300,25.2
415220,310300,38.9
415640,310300,52.6
416060,310300,65.8
416480,310300,77.7
416900,310300,87.7
417320,310300,95.5
417740,310300,100.6
418160,310300,102.7
418580,310300,101.8
419000,310300,97.8
419420,310300,90.8
419840,310300,81.2
420260,310300,69.5
420680,310300,56.0
421100,310300,41.4
421520,310300,26.3
421940,310300,11.4
422360,310300,0
422780,310300,0
423200,310300,0
423620,310300,0
424040,310300,0
424460,310300,0
424880,310300,0
425300,310300,0
425720,310300,0
426140,310300,0
426560,310300,0
426980,310300,0
398000,310720,0
398420,310720,0
398840,310720,0
399260,310720,0
399680,310720,0
400100,310720,0
400520,310720,0
400940,310720,0
401360,310720,0
401780,310720,0
402200,310720,0
402620,310720,0
403040,310720,0
403460,310720,0
403880,310720,0
404300,310720,14.0
404720,310720,27.5
405140,310720,39.2
405560,310720,48.8
405980,310720,56.0
406400,310720,60.3
406820,310720,61.9
407240,310720,60.7
407660,310720,56.9
408080,310720,50.8
408500,310720,42.9
408920,310720,33.6
409340,310720,23.6
409760,310720,13.5
410180,310720,3.9
410600,310720,0
411020,310720,0
411440,310720,0
411860,310720,0
412280,310720,0
412700,310720,0
413120,310720,0
413540,310720,0
413960,310720,8.8
414380,310720,20.9
414800,310720,34.2
415220,310720,48.2
415640,310720,62.1
416060,310720,75.3
416480,310720,87.3
416900,310720,97.3
417320,310720,105.0
417740,310720,110.0
418160,310720,111.9
418580,310720,110.7
419000,310720,106.3
419420,310720,98.9
419840,310720,88.9
420260,310720,76.6
420680,310720,62.6
421100,310720,47.4
421520,310720,31.7
421940,310720,16.1
422360,310720,1.3
422780,310720,0
423200,310720,0
423620,310720,0
424040,310720,0
424460,310720,0
424880,310720,0
425300,310720,0
425720,310720,0
426140,310720,0
426560,310720,0
426980,310720,0
398000,311140,0
398420,311140,0
398840,311140,0
399260,311140,0
399680,311140,0
400100,311140,0
400520,311140,0
400940,311140,0
401360,311140,0
401780,311140,0
402200,311140,0
402620,311140,0
403040,311140,0
403460,311140,0
403880,311140,0
404300,311140,7.6
404720,311140,21.6
405140,311140,34.0
405560,311140,44.3
405980,311140,52.1
406400,311140,57.2
406820,311140,59.5
407240,311140,59.0
407660,311140,56.0
408080,311140,50.7
408500,311140,43.6
408920,311140,35.1
409340,311140,25.9
409760,311140,16.6
410180,311140,7.7
410600,311140,0
411020,311140,0
411440,311140,0
411860,311140,0
412280,311140,0
412700,311140,0
413120,311140,0
413540,311140,7.1
413960,311140,17.9
414380,311140,30.3
414800,311140,44.0
415220,311140,58.2
415640,311140,72.2
416060,311140,85.6
416480,311140,97.6
416900,311140,107.6
417320,311140,115.2
417740,311140,120.0
418160,311140,121.7
418580,311140,120.2
419000,311140,115.6
419420,311140,107.8
419840,311140,97.4
420260,311140,84.6
420680,311140,70.0
421100,311140,54.2
421520,311140,37.9
421940,311140,21.6
422360,311140,6.2
422780,311140,0
423200,311140,0
423620,311140,0
424040,311140,0
424460,311140,0
424880,311140,0
425300,311140,0
425720,311140,0
426140,311140,0
426560,311140,0
426980,311140,0
398000,311560,0
398420,311560,0
398840,311560,0
399260,311560,0
399680,311560,0
400100,311560,0
400520,311560,0
400940,311560,0
401360,311560,0
401780,311560,0
402200,311560,0
402620,311560,0
403040,311560,0
403460,311560,0
403880,311560,0
404300,311560,2.5
404720,311560,17.0
405140,311560,30.0
405560,311560,40.9
405980,311560,49.4
406400,311560,55.2
406820,311560,58.2
407240,311560,58.5
407660,311560,56.2
408080,311560,51.6
408500,311560,45.3
408920,311560,37.6
409340,311560,29.1
409760,311560,20.5
410180,311560,12.3
410600,311560,5.2
411020,311560,0
411440,311560,0
411860,311560,0
412280,311560,0
412700,311560,0.6
413120,311560,7.3
413540,311560,16.4
413960,311560,27.6
414380,311560,40.4
414800,311560,54.3
415220,311560,68.7
415640,311560,83.0
416060,311560,96.5
416480,311560,108.5
416900,311560,118.5
417320,311560,126.0
417740,311560,130.7
418160,311560,132.2
418580,311560,130.5
419000,311560,125.5
419420,311560,117.4
419840,311560,106.5
420260,311560,93.2
420680,311560,78.1
421100,311560,61.8
421520,311560,44.9
421940,311560,28.0
422360,311560,11.8
422780,311560,0
423200,311560,0
423620,311560,0
424040,311560,0
424460,311560,0
424880,311560,0
425300,311560,0
425720,311560,0
426140,311560,0
426560,311560,0
426980,311560,0
398000,311980,0
398420,311980,0
398840,311980,0
399260,311980,0
399680,311980,0
400100,311980,0
400520,311980,0
400940,311980,0
401360,311980,0
401780,311980,0
402200,311980,0
402620,311980,0
403040,311980,0
403460,311980,0
403880,311980,0
404300,311980,0
404720,311980,13.7
405140,311980,27.2
405560,311980,38.7
405980,311980,47.8
406400,311980,54.2
406820,311980,57.9
407240,311980,58.9
407660,311980,57.3
408080,311980,53.5
408500,311980,47.9
408920,311980,40.9
409340,311980,33.1
409760,311980,25.2
410180,311980,17.8
410600,311980,11.4
411020,311980,6.5
411440,311980,3.6
411860,311980,3.1
412280,311980,5.1
412700,311980,9.7
413120,311980,16.8
413540,311980,26.4
413960,311980,37.9
414380,311980,51.1
414800,311980,65.2
415220,311980,79.8
415640,311980,94.3
416060,311980,107.8
416480,311980,119.9
416900,311980,129.9
417320,311980,137.4
417740,311980,141.9
418160,311980,143.2
418580,311980,141.2
419000,311980,135.9
419420,311980,127.5
419840,311980,116.2
420260,311980,102.5
420680,311980,86.9
421100,311980,70.0
421520,311980,52.5
421940,311980,35.0
422360,311980,18.2
422780,311980,2.8
423200,311980,0
423620,311980,0
424040,311980,0
424460,311980,0
424880,311980,0
425300,311980,0
425720,311980,0
426140,311980,0
426560,311980,0
426980,311980,0
398000,312400,0
398420,312400,0
398840,312400,0
399260,312400,0
399680,312400,0
400100,312400,0
400520,312400,0
400940,312400,0
401360,312400,0
401780,312400,0
402200,312400,0
402620,312400,0
403040,312400,0
403460,312400,0
403880,312400,0
404300,312400,0
404720,312400,11.5
405140,312400,25.5
405560,312400,37.6
405980,312400,47.3
406400,312400,54.4
406820,312400,58.7
407240,312400,60.3
407660,312400,59.4
408080,312400,56.3
408500,312400,51.3
408920,312400,45.0
409340,312400,37.9
409760,312400,30.7
410180,312400,23.9
410600,312400,18.1
411020,312400,13.8
411440,312400,11.5
411860,312400,11.5
412280,312400,14.1
412700,312400,19.2
413120,312400,26.8
413540,312400,36.7
413960,312400,48.6
414380,312400,62.0
414800,312400,76.5
415220,312400,91.3
415640,312400,105.9
416060,312400,119.5
416480,312400,131.6
416900,312400,141.6
417320,312400,149.0
417740,312400,153.4
418160,312400,154.5
418580,312400,152.3
419000,312400,146.7
419420,312400,138.0
419840,312400,126.3
420260,312400,112.2
420680,312400,96.1
421100,312400,78.8
421520,312400,60.7
421940,312400,42.7
422360,312400,25.3
422780,312400,9.2
423200,312400,0
423620,312400,0
424040,312400,0
424460,312400,0
424880,312400,0
425300,312400,0
425720,312400,0
426140,312400,0
426560,312400,0
426980,312400,0
398000,312820,0
398420,312820,0
398840,312820,0
399260,312820,0
399680,312820,0
400100,312820,0
400520,312820,0
400940,312820,0
401360,312820,0
401780,312820,0
402200,312820,0
402620,312820,0
403040,312820,0
403460,312820,0
403880,312820,0
404300,312820,0
404720,312820,10.4
405140,312820,24.9
405560,312820,37.5
405980,312820,47.8
406400,312820,55.4
406820,312820,60.4
407240,312820,62.6
407660,312820,62.3
408080,312820,59.8
408500,312820,55.5
408920,312820,49.8
409340,312820,43.4
409760,312820,36.8
410180,312820,30.6
410600,312820,25.4
411020,312820,21.7
411440,312820,19.9
411860,312820,20.4
412280,312820,23.4
412700,312820,29.0
413120,312820,37.0
413540,312820,47.3
413960,312820,59.5
414380,312820,73.2
414800,312820,87.9
415220,312820,102.9
415640,312820,117.6
416060,312820,131.4
416480,312820,143.5
416900,312820,153.5
417320,312820,160.8
417740,312820,165.1
418160,312820,166.1
418580,312820,163.6
419000,312820,157.8
419420,312820,148.7
419840,312820,136.7
420260,312820,122.2
420680,312820,105.7
421100,312820,87.9
421520,312820,69.3
421940,312820,50.7
422360,312820,32.8
422780,312820,16.1
423200,312820,1.3
423620,312820,0
424040,312820,0
424460,312820,0
424880,312820,0
425300,312820,0
425720,312820,0
426140,312820,0
426560,312820,0
426980,312820,0
398000,313240,0
398420,313240,0
398840,313240,0
399260,313240,0
399680,313240,0
400100,313240,0
400520,313240,0
400940,313240,0
401360,313240,0
401780,313240,0
402200,313240,0
402620,313240,0
403040,313240,0
403460,313240,0
403880,313240,0
404300,313240,0
404720,313240,10.3
405140,313240,25.3
405560,313240,38.4
405980,313240,49.2
406400,313240,57.4
406820,313240,62.8
407240,313240,65.6
407660,313240,65.9
408080,313240,64.0
408500,313240,60.3
408920,313240,55.2
409340,313240,49.3
409760,313240,43.3
410180,313240,37.6
410600,313240,32.9
411020,313240,29.8
411440,313240,28.5
411860,313240,29.5
412280,313240,33.0
412700,313240,38.9
413120,313240,47.3
413540,313240,58.0
413960,313240,70.5
414380,313240,84.5
414800,313240,99.4
415220,313240,114.5
415640,313240,129.4
416060,313240,143.2
416480,313240,155.4
416900,313240,165.3
417320,313240,172.6
417740,313240,176.8
418160,313240,177.6
418580,313240,175.0
419000,313240,168.9
419420,313240,159.5
419840,313240,147.2
420260,313240,132.3
420680,313240,115.4
421100,313240,97.2
421520,313240,78.1
421940,313240,59.1
422360,313240,40.6
422780,313240,23.4
423200,313240,8.0
423620,313240,0
424040,313240,0
424460,313240,0
424880,313240,0
425300,313240,0
425720,313240,0
426140,313240,0
426560,313240,0
426980,313240,0
398000,313660,0
398420,313660,0
398840,313660,0
399260,313660,0
399680,313660,0
400100,313660,0
400520,313660,0
400940,313660,0
401360,313660,0
401780,313660,0
402200,313660,0
402620,313660,0
403040,313660,0
403460,313660,0
403880,313660,0
404300,313660,0
404720,313660,11.1
405140,313660,26.6
405560,313660,40.1
405980,313660,51.3
406400,313660,60.0
406820,313660,66.0
407240,313660,69.3
407660,313660,70.1
408080,313660,68.7
408500,313660,65.5
408920,313660,60.9
409340,313660,55.6
409760,313660,50.0
410180,313660,44.9
410600,313660,40.7
411020,313660,38.0
411440,313660,37.2
411860,313660,38.6
412280,313660,42.5
412700,313660,48.8
413120,313660,57.5
413540,313660,68.5
413960,313660,81.3
414380,313660,95.5
414800,313660,110.6
415220,313660,125.9
415640,313660,140.9
416060,313660,154.8
416480,313660,167.0
416900,313660,176.9
417320,313660,184.1
417740,313660,188.2
418160,313660,188.9
418580,313660,186.1
419000,313660,179.8
419420,313660,170.2
419840,313660,157.6
420260,313660,142.4
420680,313660,125.1
421100,313660,106.4
421520,313660,87.0
421940,313660,67.5
422360,313660,48.6
422780,313660,30.9
423200,313660,15.0
423620,313660,1.3
424040,313660,0
424460,313660,0
424880,313660,0
425300,313660,0
425720,313660,0
426140,313660,0
426560,313660,0
426980,313660,0
398000,314080,0
398420,314080,0
398840,314080,0
399260,314080,0
399680,314080,0
400100,314080,0
400520,314080,0
400940,314080,0
401360,314080,0
401780,314080,0
402200,314080,0
402620,314080,0
403040,314080,0
403460,314080,0
403880,314080,0
404300,314080,0
404720,314080,12.7
405140,314080,28.6
405560,314080,42.5
405980,314080,54.1
406400,314080,63.2
406820,314080,69.6
407240,314080,73.4
407660,314080,74.6
408080,314080,73.7
408500,314080,70.9
408920,314080,66.8
409340,314080,62.0
409760,314080,56.9
410180,314080,52.2
410600,314080,48.4
411020,314080,46.2
411440,314080,45.8
411860,314080,47.6
412280,314080,51.8
412700,314080,58.4
413120,314080,67.5
413540,314080,78.7
413960,314080,91.7
414380,314080,106.2
414800,314080,121.4
415220,314080,136.9
415640,314080,151.9
416060,314080,165.9
416480,314080,178.1
416900,314080,188.1
417320,314080,195.2
417740,314080,199.2
418160,314080,199.8
418580,314080,196.8
419000,314080,190.3
419420,314080,180.5
419840,314080,167.6
420260,314080,152.1
420680,314080,134.6
421100,314080,115.5
421520,314080,95.7
421940,314080,75.8
422360,314080,56.5
422780,314080,38.4
423200,314080,22.1
423620,314080,8.0
424040,314080,0
424460,314080,0
424880,314080,0
425300,314080,0
425720,314080,0
426140,314080,0
426560,314080,0
426980,314080,0
398000,314500,0
398420,314500,0
398840,314500,0
399260,314500,0
399680,314500,0
400100,314500,0
400520,314500,0
400940,314500,0
401360,314500,0
401780,314500,0
402200,314500,0
402620,314500,0
403040,314500,0
403460,314500,0
403880,314500,0
404300,314500,0
404720,314500,15.0
405140,314500,31.1
405560,314500,45.3
405980,314500,57.3
406400,314500,66.8
406820,314500,73.6
407240,314500,77.7
407660,314500,79.4
408080,314500,78.8
408500,314500,76.5
408920,314500,72.8
409340,314500,68.3
409760,314500,63.6
410180,314500,59.3
410600,314500,56.0
411020,314500,54.0
411440,314500,54.0
411860,314500,56.1
412280,314500,60.6
412700,314500,67.6
413120,314500,76.9
413540,314500,88.3
413960,314500,101.6
414380,314500,116.2
414800,314500,131.6
415220,314500,147.2
415640,314500,162.3
416060,314500,176.3
416480,314500,188.6
416900,314500,198.5
417320,314500,205.7
417740,314500,209.6
418160,314500,210.0
418580,314500,206.9
419000,314500,200.3
419420,314500,190.2
419840,314500,177.1
420260,314500,161.4
420680,314500,143.6
421100,314500,124.2
421520,314500,104.1
421940,314500,83.9
422360,314500,64.2
422780,314500,45.7
423200,314500,29.0
423620,314500,14.5
424040,314500,2.6
424460,314500,0
424880,314500,0
425300,314500,0
425720,314500,0
426140,314500,0
426560,314500,0
426980,314500,0
398000,314920,0
398420,314920,0
398840,314920,0
399260,314920,0
399680,314920,0
400100,314920,0
400520,314920,0
400940,314920,0
401360,314920,0
401780,314920,0
402200,314920,0
402620,314920,0
403040,314920,0
403460,314920,0
403880,314920,0
404300,314920,0
404720,314920,17.6
405140,314920,34.0
405560,314920,48.6
405980,314920,60.8
406400,314920,70.6
406820,314920,77.7
407240,314920,82.2
407660,314920,84.2
408080,314920,84.0
408500,314920,82.0
408920,314920,78.6
409340,314920,74.5
409760,314920,70.1
410180,314920,66.1
410600,314920,63.1
411020,314920,61.4
411440,314920,61.7
411860,314920,64.1
412280,314920,68.8
412700,314920,76.0
413120,314920,85.6
413540,314920,97.2
413960,314920,110.6
414380,314920,125.4
414800,314920,140.9
415220,314920,156.6
415640,314920,171.8
416060,314920,185.9
416480,314920,198.2
416900,314920,208.1
417320,314920,215.2
417740,314920,219.0
418160,314920,219.4
418580,314920,216.2
419000,314920,209.4
419420,314920,199.2
419840,314920,185.9
420260,314920,169.9
420680,314920,151.9
421100,314920,132.3
421520,314920,111.9
421940,314920,91.4
422360,314920,71.4
422780,314920,52.7
423200,314920,35.6
423620,314920,20.8
424040,314920,8.5
424460,314920,0
424880,314920,0
425300,314920,0
425720,314920,0
426140,314920,0
426560,314920,0
426980,314920,0
398000,315340,0
398420,315340,0
398840,315340,0
399260,315340,0
399680,315340,0
400100,315340,0
400520,315340,0
400940,315340,0
401360,315340,0
401780,315340,0
402200,315340,0
402620,315340,0
403040,315340,0
403460,315340,0
403880,315340,0
404300,315340,2.7
404720,315340,20.6
405140,315340,37.2
405560,315340,52.0
405980,315340,64.5
406400,315340,74.5
406820,315340,81.8
407240,315340,86.6
407660,315340,88.8
408080,315340,88.9
408500,315340,87.1
408920,315340,84.1
409340,315340,80.2
409760,315340,76.1
410180,315340,72.4
410600,315340,69.5
411020,315340,68.2
411440,315340,68.6
411860,315340,71.2
412280,315340,76.2
412700,315340,83.6
413120,315340,93.3
413540,315340,105.1
413960,315340,118.7
414380,315340,133.5
414800,315340,149.2
415220,315340,164.9
415640,315340,180.2
416060,315340,194.3
416480,315340,206.6
416900,315340,216.5
417320,315340,223.6
417740,315340,227.4
418160,315340,227.7
418580,315340,224.4
419000,315340,217.5
419420,315340,207.1
419840,315340,193.7
420260,315340,177.6
420680,315340,159.3
421100,315340,139.6
421520,315340,119.0
421940,315340,98.3
422360,315340,78.0
422780,315340,59.0
423200,315340,41.7
423620,315340,26.6
424040,315340,14.1
424460,315340,4.4
424880,315340,0
425300,315340,0
425720,315340,0
426140,315340,0
426560,315340,0
426980,315340,0
398000,315760,0
398420,315760,0
398840,315760,0
399260,315760,0
399680,315760,0
400100,315760,0
400520,315760,0
400940,315760,0
401360,315760,0
401780,315760,0
402200,315760,0
402620,315760,0
403040,315760,0
403460,315760,0
403880,315760,0
404300,315760,5.6
404720,315760,23.7
405140,315760,40.5
405560,315760,55.4
405980,315760,68.1
406400,315760,78.3
406820,315760,85.8
407240,315760,90.7
407660,315760,93.2
408080,315760,93.4
408500,315760,91.9
408920,315760,89.0
409340,315760,85.3
409760,315760,81.4
410180,315760,77.9
410600,315760,75.2
411020,315760,74.0
411440,315760,74.7
411860,315760,77.5
412280,315760,82.6
412700,315760,90.1
413120,315760,99.9
413540,315760,111.8
413960,315760,125.5
414380,315760,140.5
414800,315760,156.2
415220,315760,172.0
415640,315760,187.3
416060,315760,201.4
416480,315760,213.7
416900,315760,223.7
417320,315760,230.7
417740,315760,234.5
418160,315760,234.7
418580,315760,231.4
419000,315760,224.4
419420,315760,213.9
419840,315760,200.4
420260,315760,184.1
420680,315760,165.8
421100,315760,145.9
421520,315760,125.1
421940,315760,104.2
422360,315760,83.8
422780,315760,64.6
423200,315760,47.1
423620,315760,31.8
424040,315760,19.1
424460,315760,9.2
424880,315760,2.2
425300,315760,0
425720,315760,0
426140,315760,0
426560,315760,0
426980,315760,3.4
398000,316180,0
398420,316180,0
398840,316180,0
399260,316180,0
399680,316180,0
400100,316180,0
400520,316180,0
400940,316180,0
401360,316180,0
401780,316180,0
402200,316180,0
402620,316180,0
403040,316180,0
403460,316180,0
403880,316180,0
404300,316180,8.7
404720,316180,26.8
405140,316180,43.7
405560,316180,58.7
405980,316180,71.5
406400,316180,81.8
406820,316180,89.5
407240,316180,94.5
407660,316180,97.1
408080,316180,97.5
408500,316180,96.0
408920,316180,93.3
409340,316180,89.7
409760,316180,85.9
410180,316180,82.5
410600,316180,80.0
411020,316180,78.9
411440,316180,79.6
411860,316180,82.5
412280,316180,87.7
412700,316180,95.3
413120,316180,105.2
413540,316180,117.2
413960,316180,131.0
414380,316180,146.0
414800,316180,161.7
415220,316180,177.6
415640,316180,192.9
416060,316180,207.1
416480,316180,219.4
416900,316180,229.3
417320,316180,236.3
417740,316180,240.1
418160,316180,240.3
418580,316180,236.9
419000,316180,229.8
419420,316180,219.4
419840,316180,205.7
420260,316180,189.4
420680,316180,171.0
421100,316180,151.0
421520,316180,130.1
421940,316180,109.1
422360,316180,88.6
422780,316180,69.3
423200,316180,51.7
423620,316180,36.3
424040,316180,23.5
424460,316180,13.4
424880,316180,6.2
425300,316180,1.9
425720,316180,0.1
426140,316180,0.7
426560,316180,3.1
426980,316180,6.9
398000,316600,0
398420,316600,0
398840,316600,0
399260,316600,0
399680,316600,0
400100,316600,0
400520,316600,0
400940,316600,0
401360,316600,0
401780,316600,0
402200,316600,0
402620,316600,0
403040,316600,0
403460,316600,0
403880,316600,0
404300,316600,11.6
404720,316600,29.8
405140,316600,46.7
405560,316600,61.8
405980,316600,74.6
406400,316600,85.0
406820,316600,92.7
407240,316600,97.8
407660,316600,100.4
408080,316600,100.8
408500,316600,99.4
408920,316600,96.7
409340,316600,93.2
409760,316600,89.5
410180,316600,86.1
410600,316600,83.6
411020,316600,82.6
411440,316600,83.4
411860,316600,86.3
412280,316600,91.5
412700,316600,99.2
413120,316600,109.1
413540,316600,121.1
413960,316600,134.9
414380,316600,149.9
414800,316600,165.7
415220,316600,181.6
415640,316600,196.9
416060,316600,211.1
416480,316600,223.4
416900,316600,233.3
417320,316600,240.3
417740,316600,244.1
418160,316600,244.3
418580,316600,240.9
419000,316600,233.8
419420,316600,223.3
419840,316600,209.6
420260,316600,193.3
420680,316600,174.8
421100,316600,154.8
421520,316600,133.9
421940,316600,112.8
422360,316600,92.3
422780,316600,72.9
423200,316600,55.3
423620,316600,39.8
424040,316600,26.9
424460,316600,16.8
424880,316600,9.6
425300,316600,5.2
425720,316600,3.4
426140,316600,3.9
426560,316600,6.3
426980,316600,10.0
398000,317020,0
398420,317020,0
398840,317020,0
399260,317020,0
399680,317020,0
400100,317020,0
400520,317020,0
400940,317020,0
401360,317020,0
401780,317020,0
402200,317020,0
402620,317020,0
403040,317020,0
403460,317020,0
403880,317020,0
404300,317020,14.4
404720,317020,32.6
405140,317020,49.5
405560,317020,64.5
405980,317020,77.3
406400,317020,87.6
406820,317020,95.3
407240,317020,100.4
407660,317020,103.0
408080,317020,103.4
408500,317020,102.0
408920,317020,99.3
409340,317020,95.7
409760,317020,92.0
410180,317020,88.6
410600,317020,86.1
411020,317020,85.0
411440,317020,85.8
411860,317020,88.7
412280,317020,93.9
412700,317020,101.5
413120,317020,111.4
413540,317020,123.4
413960,317020,137.2
414380,317020,152.2
414800,317020,168.0
415220,317020,183.9
415640,317020,199.2
416060,317020,213.3
416480,317020,225.7
416900,317020,235.6
417320,317020,242.6
417740,317020,246.4
418160,317020,246.6
418580,317020,243.1
419000,317020,236.1
419420,317020,225.6
419840,317020,211.9
420260,317020,195.6
420680,317020,177.1
421100,317020,157.1
421520,317020,136.3
421940,317020,115.2
422360,317020,94.7
422780,317020,75.4
423200,317020,57.7
423620,317020,42.3
424040,317020,29.5
424460,317020,19.4
424880,317020,12.2
425300,317020,7.8
425720,317020,6.0
426140,317020,6.5
426560,317020,8.9
426980,317020,12.7
398000,317440,0
398420,317440,0
398840,317440,0
399260,317440,0
399680,317440,0
400100,317440,0
400520,317440,0
400940,317440,0
401360,317440,0
401780,317440,0
402200,317440,0
402620,317440,0
403040,317440,0
403460,317440,0
403880,317440,0
404300,317440,16.9
404720,317440,35.0
405140,317440,51.8
405560,317440,66.8
405980,317440,79.5
406400,317440,89.7
406820,317440,97.3
407240,317440,102.3
407660,317440,104.8
408080,317440,105.1
408500,317440,103.6
408920,317440,100.8
409340,317440,97.1
409760,317440,93.3
410180,317440,89.8
410600,317440,87.2
411020,317440,86.0
411440,317440,86.7
411860,317440,89.5
412280,317440,94.7
412700,317440,102.3
413120,317440,112.1
413540,317440,124.1
413960,317440,137.8
414380,317440,152.7
414800,317440,168.5
415220,317440,184.3
415640,317440,199.6
416060,317440,213.8
416480,317440,226.1
416900,317440,236.0
417320,317440,243.0
417740,317440,246.8
418160,317440,247.0
418580,317440,243.6
419000,317440,236.6
419420,317440,226.2
419840,317440,212.6
420260,317440,196.3
420680,317440,177.9
421100,317440,158.0
421520,317440,137.2
421940,317440,116.2
422360,317440,95.8
422780,317440,76.5
423200,317440,59.0
423620,317440,43.7
424040,317440,30.9
424460,317440,20.9
424880,317440,13.8
425300,317440,9.5
425720,317440,7.9
426140,317440,8.5
426560,317440,11.0
426980,317440,14.9
398000,317860,0
398420,317860,0
398840,317860,0
399260,317860,0
399680,317860,0
400100,317860,0
400520,317860,0
400940,317860,0
401360,317860,0
401780,317860,0
402200,317860,0
402620,317860,0
403040,317860,0
403460,317860,0
403880,317860,0.3
404300,317860,19.1
404720,317860,37.1
405140,317860,53.7
405560,317860,68.5
405980,317860,81.1
406400,317860,91.2
406820,317860,98.6
407240,317860,103.4
407660,317860,105.8
408080,317860,105.9
408500,317860,104.2
408920,317860,101.2
409340,317860,97.4
409760,317860,93.4
410180,317860,89.7
410600,317860,87.0
411020,317860,85.7
411440,317860,86.2
411860,317860,88.9
412280,317860,93.9
412700,317860,101.4
413120,317860,111.1
413540,317860,123.0
413960,317860,136.6
414380,317860,151.5
414800,317860,167.1
415220,317860,182.9
415640,317860,198.2
416060,317860,212.3
416480,317860,224.6
416900,317860,234.5
417320,317860,241.6
417740,317860,245.4
418160,317860,245.7
418580,317860,242.3
419000,317860,235.4
419420,317860,225.0
419840,317860,211.5
420260,317860,195.4
420680,317860,177.1
421100,317860,157.3
421520,317860,136.6
421940,317860,115.8
422360,317860,95.5
422780,317860,76.4
423200,317860,59.1
423620,317860,43.9
424040,317860,31.3
424460,317860,21.5
424880,317860,14.6
425300,317860,10.4
425720,317860,8.9
426140,317860,9.7
426560,317860,12.4
426980,317860,16.4
398000,318280,0
398420,318280,0
398840,318280,0
399260,318280,0
399680,318280,0
400100,318280,0
400520,318280,0
400940,318280,0
401360,318280,0
401780,318280,0
402200,318280,0
402620,318280,0
403040,318280,0
403460,318280,0
403880,318280,2.3
404300,318280,20.9
404720,318280,38.7
405140,318280,55.2
405560,318280,69.8
405980,318280,82.1
406400,318280,92.0
406820,318280,99.2
407240,318280,103.8
407660,318280,105.9
408080,318280,105.8
408500,318280,103.8
408920,318280,100.6
409340,318280,96.5
409760,318280,92.3
410180,318280,88.4
410600,318280,85.4
411020,318280,83.9
411440,318280,84.2
411860,318280,86.7
412280,318280,91.6
412700,318280,98.8
413120,318280,108.4
413540,318280,120.1
413960,318280,133.6
414380,318280,148.4
414800,318280,164.0
415220,318280,179.7
415640,318280,194.9
416060,318280,209.0
416480,318280,221.3
416900,318280,231.2
417320,318280,238.3
417740,318280,242.1
418160,318280,242.5
418580,318280,239.2
419000,318280,232.4
419420,318280,222.1
419840,318280,208.8
420260,318280,192.8
420680,318280,174.6
421100,318280,155.0
421520,318280,134.5
421940,318280,113.9
422360,318280,93.9
422780,318280,75.0
423200,318280,57.8
423620,318280,42.9
424040,318280,30.6
424460,318280,21.0
424880,318280,14.3
425300,318280,10.4
425720,318280,9.2
426140,318280,10.2
426560,318280,13.1
426980,318280,17.3
398000,318700,0
398420,318700,0
398840,318700,0
399260,318700,0
399680,318700,0
400100,318700,0
400520,318700,0
400940,318700,0
401360,318700,0
401780,318700,0
402200,318700,0
402620,318700,0
403040,318700,0
403460,318700,0
403880,318700,3.9
404300,318700,22.3
404720,318700,39.9
405140,318700,56.1
405560,318700,70.5
405980,318700,82.6
406400,318700,92.1
406820,318700,99.0
407240,318700,103.3
407660,318700,105.1
408080,318700,104.7
408500,318700,102.5
408920,318700,98.9
409340,318700,94.5
409760,318700,90.0
410180,318700,85.8
410600,318700,82.5
411020,318700,80.7
411440,318700,80.8
411860,318700,83.0
412280,318700,87.6
412700,318700,94.6
413120,318700,104.0
413540,318700,115.6
413960,318700,128.9
414380,318700,143.5
414800,318700,159.0
415220,318700,174.6
415640,318700,189.8
416060,318700,203.8
416480,318700,216.1
416900,318700,226.0
417320,318700,233.1
417740,318700,237.0
418160,318700,237.5
418580,318700,234.3
419000,318700,227.6
419420,318700,217.5
419840,318700,204.3
420260,318700,188.5
420680,318700,170.6
421100,318700,151.2
421520,318700,131.0
421940,318700,110.6
422360,318700,90.8
422780,318700,72.2
423200,318700,55.4
423620,318700,40.8
424040,318700,28.7
424460,318700,19.5
424880,318700,13.1
425300,318700,9.5
425720,318700,8.6
426140,318700,9.9
426560,318700,13.1
426980,318700,17.6
398000,319120,0
398420,319120,0
398840,319120,0
399260,319120,0
399680,319120,0
400100,319120,0
400520,319120,0
400940,319120,0
401360,319120,0
401780,319120,0
402200,319120,0
402620,319120,0
403040,319120,0
403460,319120,0
403880,319120,5.2
404300,319120,23.4
404720,319120,40.7
405140,319120,56.6
405560,319120,70.7
405980,319120,82.4
406400,319120,91.6
406820,319120,98.2
407240,319120,102.1
407660,319120,103.5
408080,319120,102.7
408500,319120,100.1
408920,319120,96.2
409340,319120,91.4
409760,319120,86.5
410180,319120,81.9
410600,319120,78.3
411020,319120,76.2
411440,319120,75.9
411860,319120,77.8
412280,319120,82.1
412700,319120,88.9
413120,319120,98.0
413540,319120,109.4
413960,319120,122.5
414380,319120,137.0
414800,319120,152.3
415220,319120,167.8
415640,319120,182.9
416060,319120,196.8
416480,319120,209.1
416900,319120,219.0
417320,319120,226.2
417740,319120,230.2
418160,319120,230.7
418580,319120,227.7
419000,319120,221.1
419420,319120,211.2
419840,319120,198.2
420260,319120,182.6
420680,319120,165.0
421100,319120,145.9
421520,319120,125.9
421940,319120,105.9
422360,319120,86.5
422780,319120,68.2
423200,319120,51.7
423620,319120,37.5
424040,319120,25.8
424460,319120,16.9
424880,319120,10.9
425300,319120,7.8
425720,319120,7.2
426140,319120,8.9
426560,319120,12.4
426980,319120,17.3
398000,319540,0
398420,319540,0
398840,319540,0
399260,319540,0
399680,319540,0
400100,319540,0
400520,319540,0
400940,319540,0
401360,319540,0
401780,319540,0
402200,319540,0
402620,319540,0
403040,319540,0
403460,319540,0
403880,319540,6.3
404300,319540,24.2
404720,319540,41.2
405140,319540,56.7
405560,319540,70.4
405980,319540,81.8
406400,319540,90.6
406820,319540,96.7
407240,319540,100.2
407660,319540,101.2
408080,319540,99.9
408500,319540,96.9
408920,319540,92.5
409340,319540,87.3
409760,319540,81.9
410180,319540,77.0
410600,319540,72.9
411020,319540,70.4
411440,319540,69.7
411860,319540,71.3
412280,319540,75.3
412700,319540,81.7
413120,319540,90.6
413540,319540,101.6
413960,319540,114.5
414380,319540,128.8
414800,319540,143.9
415220,319540,159.3
415640,319540,174.3
416060,319540,188.2
416480,319540,200.4
416900,319540,210.4
417320,319540,217.6
417740,319540,221.6
418160,319540,222.3
418580,319540,219.4
419000,319540,213.0
419420,319540,203.3
419840,319540,190.6
420260,319540,175.3
420680,319540,158.0
421100,319540,139.2
421520,319540,119.6
421940,319540,100.0
422360,319540,80.9
422780,319540,63.1
423200,319540,47.0
423620,319540,33.2
424040,319540,21.9
424460,319540,13.5
424880,319540,8.0
425300,319540,5.2
425720,319540,5.1
426140,319540,7.2
426560,319540,11.2
426980,319540,16.5
398000,319960,0
398420,319960,0
398840,319960,0
399260,319960,0
399680,319960,0
400100,319960,0
400520,319960,0
400940,319960,0
401360,319960,0
401780,319960,0
402200,319960,0
402620,319960,0
403040,319960,0
403460,319960,0
403880,319960,7.2
404300,319960,24.7
404720,319960,41.4
405140,319960,56.5
405560,319960,69.8
405980,319960,80.7
406400,319960,89.1
406820,319960,94.7
407240,319960,97.7
407660,319960,98.2
408080,319960,96.4
408500,319960,92.9
408920,319960,88.0
409340,319960,82.3
409760,319960,76.4
410180,319960,71.0
410600,319960,66.5
411020,319960,63.5
411440,319960,62.4
411860,319960,63.5
412280,319960,67.1
412700,319960,73.2
413120,319960,81.7
413540,319960,92.5
413960,319960,105.1
414380,319960,119.2
414800,319960,134.1
415220,319960,149.4
415640,319960,164.2
416060,319960,178.1
416480,319960,190.3
416900,319960,200.2
417320,319960,207.5
417740,319960,211.6
418160,319960,212.4
418580,319960,209.7
419000,319960,203.5
419420,319960,194.1
419840,319960,181.7
420260,319960,166.7
420680,319960,149.7
421100,319960,131.2
421520,319960,112.1
421940,319960,92.8
422360,319960,74.2
422780,319960,56.9
423200,319960,41.3
423620,319960,27.9
424040,319960,17.2
424460,319960,9.3
424880,319960,4.2
425300,319960,2.0
425720,319960,2.4
426140,319960,5.0
426560,319960,9.5
426980,319960,15.2
398000,320380,0
398420,320380,0
398840,320380,0
399260,320380,0
399680,320380,0
400100,320380,0
400520,320380,0
400940,320380,0
401360,320380,0
401780,320380,0
402200,320380,0
402620,320380,0
403040,320380,0
403460,320380,0
403880,320380,8.1
404300,320380,25.2
404720,320380,41.4
405140,320380,56.1
405560,320380,68.9
405980,320380,79.3
406400,320380,87.2
406820,320380,92.3
407240,320380,94.7
407660,320380,94.7
408080,320380,92.4
408500,320380,88.2
408920,320380,82.8
409340,320380,76.5
409760,320380,70.1
410180,320380,64.1
410600,320380,59.1
411020,320380,55.6
411440,320380,54.0
411860,320380,54.7
412280,320380,57.9
412700,320380,63.6
413120,320380,71.7
413540,320380,82.1
413960,320380,94.5
414380,320380,108.3
414800,320380,123.0
415220,320380,138.1
415640,320380,152.8
416060,320380,166.6
416480,320380,178.8
416900,320380,188.7
417320,320380,196.0
417740,320380,200.3
418160,320380,201.2
418580,320380,198.7
419000,320380,192.8
419420,320380,183.6
419840,320380,171.5
420260,320380,156.8
420680,320380,140.2
421100,320380,122.2
421520,320380,103.5
421940,320380,84.7
422360,320380,66.6
422780,320380,49.8
423200,320380,34.7
423620,320380,21.9
424040,320380,11.7
424460,320380,4.4
424880,320380,0
425300,320380,0
425720,320380,0
426140,320380,2.3
426560,320380,7.3
426980,320380,13.6
398000,320800,0
398420,320800,0
398840,320800,0
399260,320800,0
399680,320800,0
400100,320800,0
400520,320800,0
400940,320800,0
401360,320800,0
401780,320800,0
402200,320800,0
402620,320800,0
403040,320800,0
403460,320800,0
403880,320800,8.9
404300,320800,25.6
404720,320800,41.4
405140,320800,55.6
405560,320800,67.9
405980,320800,77.8
406400,320800,85.0
406820,320800,89.6
407240,320800,91.4
407660,320800,90.7
408080,320800,87.8
408500,320800,83.1
408920,320800,77.0
409340,320800,70.2
409760,320800,63.1
410180,320800,56.5
410600,320800,51.0
411020,320800,46.9
411440,320800,44.8
411860,320800,45.0
412280,320800,47.7
412700,320800,52.9
413120,320800,60.7
413540,320800,70.7
413960,320800,82.8
414380,320800,96.3
414800,320800,110.8
415220,320800,125.7
415640,320800,140.3
416060,320800,154.0
416480,320800,166.1
416900,320800,176.1
417320,320800,183.5
417740,320800,187.8
418160,320800,188.9
418580,320800,186.6
419000,320800,180.9
419420,320800,172.1
419840,320800,160.3
420260,320800,146.0
420680,320800,129.8
421100,320800,112.3
421520,320800,94.0
421940,320800,75.8
422360,320800,58.2
422780,320800,41.9
423200,320800,27.5
423620,320800,15.3
424040,320800,5.7
424460,320800,0
424880,320800,0
425300,320800,0
425720,320800,0
426140,320800,0
426560,320800,4.9
426980,320800,11.8
398000,321220,0
398420,321220,0
398840,321220,0
399260,321220,0
399680,321220,0
400100,321220,0
400520,321220,0
400940,321220,0
401360,321220,0
401780,321220,0
402200,321220,0
402620,321220,0
403040,321220,0
403460,321220,0
403880,321220,9.9
404300,321220,26.1
404720,321220,41.4
405140,321220,55.1
405560,321220,66.8
405980,321220,76.1
406400,321220,82.8
406820,321220,86.7
407240,321220,87.9
407660,321220,86.6
408080,321220,83.0
408500,321220,77.6
408920,321220,70.9
409340,321220,63.4
409760,321220,55.7
410180,321220,48.5
410600,321220,42.3
411020,321220,37.6
411440,321220,34.9
411860,321220,34.6
412280,321220,36.8
412700,321220,41.5
413120,321220,48.9
413540,321220,58.5
413960,321220,70.2
414380,321220,83.4
414800,321220,97.7
415220,321220,112.4
415640,321220,126.9
416060,321220,140.5
416480,321220,152.5
416900,321220,162.5
417320,321220,170.0
417740,321220,174.5
418160,321220,175.7
418580,321220,173.6
419000,321220,168.2
419420,321220,159.7
419840,321220,148.3
420260,321220,134.4
420680,321220,118.7
421100,321220,101.6
421520,321220,83.9
421940,321220,66.2
422360,321220,49.2
422780,321220,33.6
423200,321220,19.7
423620,321220,8.2
424040,321220,0
424460,321220,0
424880,321220,0
425300,321220,0
425720,321220,0
426140,321220,0
426560,321220,2.4
426980,321220,9.9
398000,321640,0
398420,321640,0
398840,321640,0
399260,321640,0
399680,321640,0
400100,321640,0
400520,321640,0
400940,321640,0
401360,321640,0
401780,321640,0
402200,321640,0
402620,321640,0
403040,321640,0
403460,321640,0
403880,321640,11.1
404300,321640,26.9
404720,321640,41.7
405140,321640,54.8
405560,321640,65.9
405980,321640,74.6
406400,321640,80.7
406820,321640,83.9
407240,321640,84.4
407660,321640,82.4
408080,321640,78.1
408500,321640,72.0
408920,321640,64.5
409340,321640,56.3
409760,321640,48.0
410180,321640,40.1
410600,321640,33.2
411020,321640,27.9
411440,321640,24.6
411860,321640,23.7
412280,321640,25.3
412700,321640,29.6
413120,321640,36.5
413540,321640,45.7
413960,321640,57.1
414380,321640,70.0
414800,321640,84.0
415220,321640,98.5
415640,321640,112.8
416060,321640,126.3
416480,321640,138.3
416900,321640,148.3
417320,321640,155.8
417740,321640,160.4
418160,321640,161.9
418580,321640,160.0
419000,321640,154.9
419420,321640,146.7
419840,321640,135.7
420260,321640,122.3
420680,321640,107.0
421100,321640,90.5
421520,321640,73.4
421940,321640,56.3
422360,321640,39.9
422780,321640,24.9
423200,321640,11.7
423620,321640,0.8
424040,321640,0
424460,321640,0
424880,321640,0
425300,321640,0
425720,321640,0
426140,321640,0
426560,321640,0
426980,321640,8.1
398000,322060,0
398420,322060,0
398840,322060,0
399260,322060,0
399680,322060,0
400100,322060,0
400520,322060,0
400940,322060,0
401360,322060,0
401780,322060,0
402200,322060,0
402620,322060,0
403040,322060,0
403460,322060,0
403880,322060,12.8
404300,322060,28.1
404720,322060,42.3
405140,322060,54.8
405560,322060,65.3
405980,322060,73.4
406400,322060,78.7
406820,322060,81.3
407240,322060,81.1
407660,322060,78.3
408080,322060,73.3
408500,322060,66.4
408920,322060,58.2
409340,322060,49.3
409760,322060,40.2
410180,322060,31.5
410600,322060,24.0
411020,322060,18.0
411440,322060,14.1
411860,322060,12.6
412280,322060,13.6
412700,322060,17.4
413120,322060,23.8
413540,322060,32.6
413960,322060,43.5
414380,322060,56.1
414800,322060,69.8
415220,322060,84.1
415640,322060,98.2
416060,322060,111.6
416480,322060,123.6
416900,322060,133.7
417320,322060,141.2
417740,322060,146.0
418160,322060,147.6
418580,322060,146.1
419000,322060,141.3
419420,322060,133.4
419840,322060,122.8
420260,322060,109.9
420680,322060,95.1
421100,322060,79.1
421520,322060,62.6
421940,322060,46.1
422360,322060,30.4
422780,322060,16.0
423200,322060,3.6
423620,322060,0
424040,322060,0
424460,322060,0
424880,322060,0
425300,322060,0
425720,322060,0
426140,322060,0
426560,322060,0
426980,322060,6.6
398000,322480,0
398420,322480,0
398840,322480,0
399260,322480,0
399680,322480,0
400100,322480,0
400520,322480,0
400940,322480,0
401360,322480,0
401780,322480,0
402200,322480,0
402620,322480,0
403040,322480,0
403460,322480,0
403880,322480,15.0
404300,322480,29.7
404720,322480,43.3
405140,322480,55.3
405560,322480,65.2
405980,322480,72.5
406400,322480,77.1
406820,322480,79.0
407240,322480,78.0
407660,322480,74.5
408080,322480,68.7
408500,322480,61.0
408920,322480,52.1
409340,322480,42.3
409760,322480,32.5
410180,322480,23.1
410600,322480,14.8
411020,322480,8.2
411440,322480,3.6
411860,322480,1.4
412280,322480,1.9
412700,322480,5.1
413120,322480,11.0
413540,322480,19.3
413960,322480,29.9
414380,322480,42.1
414800,322480,55.5
415220,322480,69.6
415640,322480,83.5
416060,322480,96.8
416480,322480,108.8
416900,322480,118.8
417320,322480,126.5
417740,322480,131.4
418160,322480,133.2
418580,322480,131.9
419000,322480,127.4
419420,322480,120.0
419840,322480,109.8
420260,322480,97.3
420680,322480,83.1
421100,322480,67.7
421520,322480,51.8
421940,322480,35.9
422360,322480,20.9
422780,322480,7.3
423200,322480,0
423620,322480,0
424040,322480,0
424460,322480,0
424880,322480,0
425300,322480,0
425720,322480,0
426140,322480,0
426560,322480,0
426980,322480,5.4
398000,322900,0
398420,322900,0
398840,322900,0
399260,322900,0
399680,322900,0
400100,322900,0
400520,322900,0
400940,322900,0
401360,322900,0
401780,322900,0
402200,322900,0
402620,322900,0
403040,322900,0
403460,322900,3.1
403880,322900,17.8
404300,322900,32.0
404720,322900,45.0
405140,322900,56.4
405560,322900,65.6
405980,322900,72.2
406400,322900,76.1
406820,322900,77.2
407240,322900,75.4
407660,322900,71.1
408080,322900,64.5
408500,322900,56.0
408920,322900,46.3
409340,322900,35.7
409760,322900,25.1
410180,322900,15.0
410600,322900,6.0
411020,322900,0
411440,322900,0
411860,322900,0
412280,322900,0
412700,322900,0
413120,322900,0
413540,322900,6.2
413960,322900,16.3
414380,322900,28.2
414800,322900,41.3
415220,322900,55.1
415640,322900,68.9
416060,322900,82.1
416480,322900,94.0
416900,322900,104.1
417320,322900,111.8
417740,322900,116.9
418160,322900,118.9
418580,322900,117.9
419000,322900,113.7
419420,322900,106.6
419840,322900,96.9
420260,322900,85.0
420680,322900,71.3
421100,322900,56.5
421520,322900,41.2
421940,322900,26.0
422360,322900,11.7
422780,322900,0
423200,322900,0
423620,322900,0
424040,322900,0
424460,322900,0
424880,322900,0
425300,322900,0
425720,322900,0
426140,322900,0
426560,322900,0
426980,322900,4.7
398000,323320,0
398420,323320,0
398840,323320,0
399260,323320,0
399680,323320,0
400100,323320,0
400520,323320,0
400940,323320,0
401360,323320,0
401780,323320,0
402200,323320,0
402620,323320,0
403040,323320,0
403460,323320,7.1
403880,323320,21.4
404300,323320,35.0
404720,323320,47.4
405140,323320,58.1
405560,323320,66.6
405980,323320,72.6
406400,323320,75.7
406820,323320,76.0
407240,323320,73.5
407660,323320,68.3
408080,323320,60.9
408500,323320,51.6
408920,323320,41.0
409340,323320,29.7
409760,323320,18.2
410180,323320,7.3
410600,323320,0
411020,323320,0
411440,323320,0
411860,323320,0
412280,323320,0
412700,323320,0
413120,323320,0
413540,323320,0
413960,323320,3.1
414380,323320,14.6
414800,323320,27.5
415220,323320,41.0
415640,323320,54.6
416060,323320,67.7
416480,323320,79.5
416900,323320,89.6
417320,323320,97.5
417740,323320,102.6
418160,323320,104.9
418580,323320,104.1
419000,323320,100.3
419420,323320,93.7
419840,323320,84.4
420260,323320,72.9
420680,323320,59.8
421100,323320,45.6
421520,323320,31.0
421940,323320,16.5
422360,323320,2.9
422780,323320,0
423200,323320,0
423620,323320,0
424040,323320,0
424460,323320,0
424880,323320,0
425300,323320,0
425720,323320,0
426140,323320,0
426560,323320,0
426980,323320,4.7
398000,323740,0
398420,323740,0
398840,323740,0
399260,323740,0
399680,323740,0
400100,323740,0
400520,323740,0
400940,323740,0
401360,323740,0
401780,323740,0
402200,323740,0
402620,323740,0
403040,323740,0
403460,323740,12.0
403880,323740,25.8
404300,323740,38.8
404720,323740,50.7
405140,323740,60.7
405560,323740,68.5
405980,323740,73.7
406400,323740,76.1
406820,323740,75.6
407240,323740,72.2
407660,323740,66.3
408080,323740,58.0
408500,323740,47.9
408920,323740,36.4
409340,323740,24.3
409760,323740,12.0
410180,323740,0.3
410600,323740,0
411020,323740,0
411440,323740,0
411860,323740,0
412280,323740,0
412700,323740,0
413120,323740,0
413540,323740,0
413960,323740,0
414380,323740,1.6
414800,323740,14.1
415220,323740,27.4
415640,323740,40.9
416060,323740,53.8
416480,323740,65.6
416900,323740,75.7
417320,323740,83.6
417740,323740,89.0
418160,323740,91.5
418580,323740,91.0
419000,323740,87.5
419420,323740,81.2
419840,323740,72.4
420260,323740,61.5
420680,323740,49.0
421100,323740,35.4
421520,323740,21.4
421940,323740,7.6
422360,323740,0
422780,323740,0
423200,323740,0
423620,323740,0
424040,323740,0
424460,323740,0
424880,323740,0
425300,323740,0
425720,323740,0
426140,323740,0
426560,323740,0
426980,323740,5.5
398000,324160,0
398420,324160,0
398840,324160,0
399260,324160,0
399680,324160,0
400100,324160,0
400520,324160,0
400940,324160,0
401360,324160,0
401780,324160,0
402200,324160,0
402620,324160,0
403040,324160,4.6
403460,324160,17.8
403880,324160,31.0
404300,324160,43.5
404720,324160,54.7
405140,324160,64.1
405560,324160,71.2
405980,324160,75.7
406400,324160,77.3
406820,324160,76.0
407240,324160,71.8
407660,324160,65.0
408080,324160,55.9
408500,324160,45.0
408920,324160,32.7
409340,324160,19.7
409760,324160,6.6
410180,324160,0
410600,324160,0
411020,324160,0
411440,324160,0
411860,324160,0
412280,324160,0
412700,324160,0
413120,324160,0
413540,324160,0
413960,324160,0
414380,324160,0
414800,324160,1.5
415220,324160,14.6
415640,324160,27.8
416060,324160,40.6
416480,324160,52.4
416900,324160,62.5
417320,324160,70.5
417740,324160,76.0
418160,324160,78.7
418580,324160,78.5
419000,324160,75.4
419420,324160,69.6
419840,324160,61.2
420260,324160,50.8
420680,324160,38.8
421100,324160,25.9
421520,324160,12.6
421940,324160,0
422360,324160,0
422780,324160,0
423200,324160,0
423620,324160,0
424040,324160,0
424460,324160,0
424880,324160,0
425300,324160,0
425720,324160,0
426140,324160,0
426560,324160,0
426980,324160,7.2
398000,324580,7.3
398420,324580,0
398840,324580,0
399260,324580,0
399680,324580,0
400100,324580,0
400520,324580,0
400940,324580,0
401360,324580,0
401780,324580,0
402200,324580,0
402620,324580,0
403040,324580,11.8
403460,324580,24.6
403880,324580,37.2
404300,324580,49.2
404720,324580,59.7
405140,324580,68.5
405560,324580,74.8
405980,324580,78.5
406400,324580,79.4
406820,324580,77.3
407240,324580,72.3
407660,324580,64.7
408080,324580,54.7
408500,324580,42.9
408920,324580,29.8
409340,324580,16.0
409760,324580,2.0
410180,324580,0
410600,324580,0
411020,324580,0
411440,324580,0
411860,324580,0
412280,324580,0
412700,324580,0
413120,324580,0
413540,324580,0
413960,324580,0
414380,324580,0
414800,324580,0
415220,324580,2.6
415640,324580,15.7
416060,324580,28.4
416480,324580,40.1
416900,324580,50.2
417320,324580,58.3
417740,324580,64.0
418160,324580,66.9
418580,324580,67.0
419000,324580,64.2
419420,324580,58.8
419840,324580,50.9
420260,324580,41.0
420680,324580,29.6
421100,324580,17.3
421520,324580,4.6
421940,324580,0
422360,324580,0
422780,324580,0
423200,324580,0
423620,324580,0
424040,324580,0
424460,324580,0
424880,324580,0
425300,324580,0
425720,324580,0
426140,324580,0
426560,324580,0
426980,324580,9.7
398000,325000,15.9
398420,325000,4.3
398840,325000,0
399260,325000,0
399680,325000,0
400100,325000,0
400520,325000,0
400940,325000,0
401360,325000,0
401780,325000,0
402200,325000,0
402620,325000,8.0
403040,325000,19.9
403460,325000,32.2
403880,325000,44.3
404300,325000,55.7
404720,325000,65.7
405140,325000,73.7
405560,325000,79.4
405980,325000,82.4
406400,325000,82.4
406820,325000,79.6
407240,325000,73.8
407660,325000,65.3
408080,325000,54.5
408500,325000,41.9
408920,325000,27.9
409340,325000,13.2
409760,325000,0
410180,325000,0
410600,325000,0
411020,325000,0
411440,325000,0
411860,325000,0
412280,325000,0
412700,325000,0
413120,325000,0
413540,325000,0
413960,325000,0
414380,325000,0
414800,325000,0
415220,325000,0
415640,325000,4.5
416060,325000,17.1
416480,325000,28.8
416900,325000,38.9
417320,325000,47.1
417740,325000,52.9
418160,325000,56.1
418580,325000,56.5
419000,325000,54.0
419420,325000,49.0
419840,325000,41.6
420260,325000,32.2
420680,325000,21.4
421100,325000,9.7
421520,325000,0
421940,325000,0
422360,325000,0
422780,325000,0
423200,325000,0
423620,325000,0
424040,325000,0
424460,325000,0
424880,325000,0
425300,325000,0
425720,325000,0
426140,325000,0
426560,325000,0
426980,325000,13.2
398000,325420,25.4
398420,325420,14.1
398840,325420,4.0
399260,325420,0
399680,325420,0
400100,325420,0
400520,325420,0
400940,325420,0
401360,325420,0
401780,325420,0
402200,325420,6.9
402620,325420,17.4
403040,325420,28.8
403460,325420,40.7
403880,325420,52.3
404300,325420,63.1
404720,325420,72.5
405140,325420,79.9
405560,325420,84.9
405980,325420,87.1
406400,325420,86.4
406820,325420,82.8
407240,325420,76.2
407660,325420,66.9
408080,325420,55.3
408500,325420,41.8
408920,325420,27.0
409340,325420,11.5
409760,325420,0
410180,325420,0
410600,325420,0
411020,325420,0
411440,325420,0
411860,325420,0
412280,325420,0
412700,325420,0
413120,325420,0
413540,325420,0
413960,325420,0
414380,325420,0
414800,325420,0
415220,325420,0
415640,325420,0
416060,325420,7.0
416480,325420,18.6
416900,325420,28.8
417320,325420,37.1
417740,325420,43.0
418160,325420,46.4
418580,325420,47.1
419000,325420,45.0
419420,325420,40.4
419840,325420,33.4
420260,325420,24.6
420680,325420,14.3
421100,325420,3.2
421520,325420,0
421940,325420,0
422360,325420,0
422780,325420,0
423200,325420,0
423620,325420,0
424040,325420,0
424460,325420,0
424880,325420,0
425300,325420,0
425720,325420,0
426140,325420,0
426560,325420,2.6
426980,325420,17.6
398000,325840,35.6
398420,325840,24.6
398840,325840,14.8
399260,325840,6.7
399680,325840,0.7
400100,325840,0
400520,325840,0
400940,325840,0
401360,325840,2.2
401780,325840,8.8
402200,325840,17.4
402620,325840,27.5
403040,325840,38.5
403460,325840,50.0
403880,325840,61.1
404300,325840,71.4
404720,325840,80.1
405140,325840,86.9
405560,325840,91.2
405980,325840,92.8
406400,325840,91.3
406820,325840,86.9
407240,325840,79.5
407660,325840,69.5
408080,325840,57.1
408500,325840,42.8
408920,325840,27.2
409340,325840,10.9
409760,325840,0
410180,325840,0
410600,325840,0
411020,325840,0
411440,325840,0
411860,325840,0
412280,325840,0
412700,325840,0
413120,325840,0
413540,325840,0
413960,325840,0
414380,325840,0
414800,325840,0
415220,325840,0
415640,325840,0
416060,325840,0
416480,325840,9.7
416900,325840,19.9
417320,325840,28.3
417740,325840,34.4
418160,325840,38.0
418580,325840,38.9
419000,325840,37.2
419420,325840,32.9
419840,325840,26.4
420260,325840,18.1
420680,325840,8.4
421100,325840,0
421520,325840,0
421940,325840,0
422360,325840,0
422780,325840,0
423200,325840,0
423620,325840,0
424040,325840,0
424460,325840,0
424880,325840,0
425300,325840,0
425720,325840,0
426140,325840,0
426560,325840,7.2
426980,325840,22.9
398000,326260,46.5
398420,326260,35.9
398840,326260,26.3
399260,326260,18.4
399680,326260,12.5
400100,326260,9.0
400520,326260,8.0
400940,326260,9.7
401360,326260,13.8
401780,326260,20.2
402200,326260,28.5
402620,326260,38.3
403040,326260,49.0
403460,326260,60.0
403880,326260,70.6
404300,326260,80.4
404720,326260,88.6
405140,326260,94.7
405560,326260,98.4
405980,326260,99.2
406400,326260,97.1
406820,326260,91.9
407240,326260,83.8
407660,326260,72.9
408080,326260,59.8
408500,326260,44.7
408920,326260,28.3
409340,326260,11.2
409760,326260,0
410180,326260,0
410600,326260,0
411020,326260,0
411440,326260,0
411860,326260,0
412280,326260,0
412700,326260,0
413120,326260,0
413540,326260,0
413960,326260,0
414380,326260,0
414800,326260,0
415220,326260,0
415640,326260,0
416060,326260,0
416480,326260,2.1
416900,326260,12.3
417320,326260,20.7
417740,326260,27.0
418160,326260,30.7
418580,326260,31.9
419000,326260,30.5
419420,326260,26.7
419840,326260,20.6
420260,326260,12.8
420680,326260,3.6
421100,326260,0
421520,326260,0
421940,326260,0
422360,326260,0
422780,326260,0
423200,326260,0
423620,326260,0
424040,326260,0
424460,326260,0
424880,326260,0
425300,326260,0
425720,326260,0
426140,326260,0
426560,326260,12.6
426980,326260,29.0
398000,326680,58.0
398420,326680,47.6
398840,326680,38.3
399260,326680,30.5
399680,326680,24.8
400100,326680,21.3
400520,326680,20.3
400940,326680,21.9
401360,326680,25.9
401780,326680,32.1
402200,326680,40.2
402620,326680,49.7
403040,326680,60.0
403460,326680,70.5
403880,326680,80.8
404300,326680,90.0
404720,326680,97.6
405140,326680,103.2
405560,326680,106.2
405980,326680,106.4
406400,326680,103.6
406820,326680,97.7
407240,326680,88.8
407660,326680,77.2
408080,326680,63.3
408500,326680,47.5
408920,326680,30.3
409340,326680,12.5
409760,326680,0
410180,326680,0
410600,326680,0
411020,326680,0
411440,326680,0
411860,326680,0
412280,326680,0
412700,326680,0
413120,326680,0
413540,326680,0
413960,326680,0
414380,326680,0
414800,326680,0
415220,326680,0
415640,326680,0
416060,326680,0
416480,326680,0
416900,326680,5.9
417320,326680,14.4
417740,326680,20.8
418160,326680,24.8
418580,326680,26.2
419000,326680,25.1
419420,326680,21.6
419840,326680,16.0
420260,326680,8.6
420680,326680,0
421100,326680,0
421520,326680,0
421940,326680,0
422360,326680,0
422780,326680,0
423200,326680,0
423620,326680,0
424040,326680,0
424460,326680,0
424880,326680,0
425300,326680,0
425720,326680,0
426140,326680,2.6
426560,326680,18.8
426980,326680,35.9
398000,327100,69.8
398420,327100,59.7
398840,327100,50.6
399260,327100,43.0
399680,327100,37.4
400100,327100,33.9
400520,327100,33.0
400940,327100,34.5
401360,327100,38.4
401780,327100,44.4
402200,327100,52.2
402620,327100,61.4
403040,327100,71.4
403460,327100,81.5
403880,327100,91.3
404300,327100,100.0
404720,327100,107.2
405140,327100,112.1
405560,327100,114.6
405980,327100,114.1
406400,327100,110.7
406820,327100,104.1
407240,327100,94.6
407660,327100,82.3
408080,327100,67.6
408500,327100,51.1
408920,327100,33.2
409340,327100,14.7
409760,327100,0
410180,327100,0
410600,327100,0
411020,327100,0
411440,327100,0
411860,327100,0
412280,327100,0
412700,327100,0
413120,327100,0
413540,327100,0
413960,327100,0
414380,327100,0
414800,327100,0
415220,327100,0
415640,327100,0
416060,327100,0
416480,327100,0
416900,327100,0.8
417320,327100,9.3
417740,327100,15.9
418160,327100,20.0
418580,327100,21.7
419000,327100,20.9
419420,327100,17.8
419840,327100,12.5
420260,327100,5.6
420680,327100,0
421100,327100,0
421520,327100,0
421940,327100,0
422360,327100,0
422780,327100,0
423200,327100,0
423620,327100,0
424040,327100,0
424460,327100,0
424880,327100,0
425300,327100,0
425720,327100,0
426140,327100,8.7
426560,327100,25.6
426980,327100,43.4
398000,327520,81.9
398420,327520,72.0
398840,327520,63.1
399260,327520,55.7
399680,327520,50.1
400100,327520,46.7
400520,327520,45.8
400940,327520,47.2
401360,327520,51.0
401780,327520,56.8
402200,327520,64.4
402620,327520,73.3
403040,327520,83.0
403460,327520,92.8
403880,327520,102.1
404300,327520,110.4
404720,327520,117.0
405140,327520,121.5
405560,327520,123.4
405980,327520,122.3
406400,327520,118.2
406820,327520,111.0
407240,327520,100.8
407660,327520,87.9
408080,327520,72.5
408500,327520,55.3
408920,327520,36.8
409340,327520,17.6
409760,327520,0
410180,327520,0
410600,327520,0
411020,327520,0
411440,327520,0
411860,327520,0
412280,327520,0
412700,327520,0
413120,327520,0
413540,327520,0
413960,327520,0
414380,327520,0
414800,327520,0
415220,327520,0
415640,327520,0
416060,327520,0
416480,327520,0
416900,327520,0
417320,327520,5.5
417740,327520,12.1
418160,327520,16.4
418580,327520,18.4
419000,327520,17.8
419420,327520,15.0
419840,327520,10.2
420260,327520,3.6
420680,327520,0
421100,327520,0
421520,327520,0
421940,327520,0
422360,327520,0
422780,327520,0
423200,327520,0
423620,327520,0
424040,327520,0
424460,327520,0
424880,327520,0
425300,327520,0
425720,327520,0
426140,327520,15.4
426560,327520,32.9
426980,327520,51.3
398000,327940,93.9
398420,327940,84.3
398840,327940,75.5
399260,327940,68.2
399680,327940,62.8
400100,327940,59.5
400520,327940,58.5
400940,327940,59.8
401360,327940,63.5
401780,327940,69.2
402200,327940,76.6
402620,327940,85.2
403040,327940,94.6
403460,327940,104.1
403880,327940,113.0
404300,327940,120.9
404720,327940,127.0
405140,327940,131.0
405560,327940,132.3
405980,327940,130.8
406400,327940,126.1
406820,327940,118.3
407240,327940,107.5
407660,327940,93.9
408080,327940,78.0
408500,327940,60.1
408920,327940,40.9
409340,327940,21.1
409760,327940,1.3
410180,327940,0
410600,327940,0
411020,327940,0
411440,327940,0
411860,327940,0
412280,327940,0
412700,327940,0
413120,327940,0
413540,327940,0
413960,327940,0
414380,327940,0
414800,327940,0
415220,327940,0
415640,327940,0
416060,327940,0
416480,327940,0
416900,327940,0
417320,327940,2.7
417740,327940,9.4
418160,327940,13.9
418580,327940,16.1
419000,327940,15.8
419420,327940,13.3
419840,327940,8.8
420260,327940,2.6
420680,327940,0
421100,327940,0
421520,327940,0
421940,327940,0
422360,327940,0
422780,327940,0
423200,327940,0
423620,327940,0
424040,327940,0
424460,327940,0
424880,327940,0
425300,327940,0
425720,327940,5.8
426140,327940,22.4
426560,327940,40.4
426980,327940,59.5
398000,328360,105.7
398420,328360,96.3
398840,328360,87.7
399260,328360,80.5
399680,328360,75.2
400100,328360,71.9
400520,328360,70.9
400940,328360,72.2
401360,328360,75.8
401780,328360,81.3
402200,328360,88.5
402620,328360,96.9
403040,328360,106.0
403460,328360,115.2
403880,328360,123.8
404300,328360,131.2
404720,328360,137.0
405140,328360,140.5
405560,328360,141.3
405980,328360,139.3
406400,328360,134.1
406820,328360,125.7
407240,328360,114.4
407660,328360,100.2
408080,328360,83.7
408500,328360,65.2
408920,328360,45.5
409340,328360,25.1
409760,328360,4.7
410180,328360,0
410600,328360,0
411020,328360,0
411440,328360,0
411860,328360,0
412280,328360,0
412700,328360,0
413120,328360,0
413540,328360,0
413960,328360,0
414380,328360,0
414800,328360,0
415220,328360,0
415640,328360,0
416060,328360,0
416480,328360,0
416900,328360,0
417320,328360,0.8
417740,328360,7.7
418160,328360,12.4
418580,328360,14.7
419000,328360,14.7
419420,328360,12.4
419840,328360,8.2
420260,328360,2.5
420680,328360,0
421100,328360,0
421520,328360,0
421940,328360,0
422360,328360,0
422780,328360,0
423200,328360,0
423620,328360,0
424040,328360,0
424460,328360,0
424880,328360,0
425300,328360,0
425720,328360,12.4
426140,328360,29.5
426560,328360,48.2
426980,328360,67.7
398000,328780,117.0
398420,328780,107.8
398840,328780,99.4
399260,328780,92.3
399680,328780,87.0
400100,328780,83.8
400520,328780,82.8
400940,328780,84.1
401360,328780,87.5
401780,328780,93.0
402200,328780,100.0
402620,328780,108.2
403040,328780,117.0
403460,328780,125.9
403880,328780,134.2
404300,328780,141.3
404720,328780,146.6
405140,328780,149.7
405560,328780,150.1
405980,328780,147.6
406400,328780,141.9
406820,328780,133.1
407240,328780,121.3
407660,328780,106.6
408080,328780,89.5
408500,328780,70.6
408920,328780,50.3
409340,328780,29.4
409760,328780,8.5
410180,328780,0
410600,328780,0
411020,328780,0
411440,328780,0
411860,328780,0
412280,328780,0
412700,328780,0
413120,328780,0
413540,328780,0
413960,328780,0
414380,328780,0
414800,328780,0
415220,328780,0
415640,328780,0
416060,328780,0
416480,328780,0
416900,328780,0
417320,328780,0
417740,328780,6.9
418160,328780,11.7
418580,328780,14.2
419000,328780,14.4
419420,328780,12.4
419840,328780,8.5
420260,328780,3.0
420680,328780,0
421100,328780,0
421520,328780,0
421940,328780,0
422360,328780,0
422780,328780,0
423200,328780,0
423620,328780,0
424040,328780,0
424460,328780,0
424880,328780,0
425300,328780,3.5
425720,328780,19.1
426140,328780,36.7
426560,328780,55.8
426980,328780,75.9
398000,329200,127.6
398420,329200,118.6
398840,329200,110.3
399260,329200,103.4
399680,329200,98.2
400100,329200,95.0
400520,329200,93.9
400940,329200,95.2
401360,329200,98.6
401780,329200,103.9
402200,329200,110.7
402620,329200,118.8
403040,329200,127.4
403460,329200,136.0
403880,329200,144.0
404300,329200,150.8
404720,329200,155.8
405140,329200,158.5
405560,329200,158.6
405980,329200,155.6
406400,329200,149.5
406820,329200,140.3
407240,329200,128.0
407660,329200,112.9
408080,329200,95.3
408500,329200,75.9
408920,329200,55.2
409340,329200,33.8
409760,329200,12.5
410180,329200,0
410600,329200,0
411020,329200,0
411440,329200,0
411860,329200,0
412280,329200,0
412700,329200,0
413120,329200,0
413540,329200,0
413960,329200,0
414380,329200,0
414800,329200,0
415220,329200,0
415640,329200,0
416060,329200,0
416480,329200,0
416900,329200,0
417320,329200,0
417740,329200,6.7
418160,329200,11.7
418580,329200,14.3
419000,329200,14.7
419420,329200,12.9
419840,329200,9.3
420260,329200,4.1
420680,329200,0
421100,329200,0
421520,329200,0
421940,329200,0
422360,329200,0
422780,329200,0
423200,329200,0
423620,329200,0
424040,329200,0
424460,329200,0
424880,329200,0
425300,329200,9.5
425720,329200,25.6
426140,329200,43.7
426560,329200,63.2
426980,329200,83.7
398000,329620,137.3
398420,329620,128.5
398840,329620,120.4
399260,329620,113.5
399680,329620,108.3
400100,329620,105.1
400520,329620,104.1
400940,329620,105.3
401360,329620,108.6
401780,329620,113.8
402200,329620,120.6
402620,329620,128.4
403040,329620,136.8
403460,329620,145.2
403880,329620,153.0
404300,329620,159.5
404720,329620,164.2
405140,329620,166.7
405560,329620,166.4
405980,329620,163.1
406400,329620,156.7
406820,329620,147.0
407240,329620,134.3
407660,329620,118.8
408080,329620,100.9
408500,329620,81.1
408920,329620,60.0
409340,329620,38.2
409760,329620,16.5
410180,329620,0
410600,329620,0
411020,329620,0
411440,329620,0
411860,329620,0
412280,329620,0
412700,329620,0
413120,329620,0
413540,329620,0
413960,329620,0
414380,329620,0
414800,329620,0
415220,329620,0
415640,329620,0
416060,329620,0
416480,329620,0
416900,329620,0
417320,329620,0.1
417740,329620,7.2
418160,329620,12.2
418580,329620,15.0
419000,329620,15.6
419420,329620,14.0
419840,329620,10.6
420260,329620,5.6
420680,329620,0
421100,329620,0
421520,329620,0
421940,329620,0
422360,329620,0
422780,329620,0
423200,329620,0
423620,329620,0
424040,329620,0
424460,329620,0
424880,329620,1.3
425300,329620,15.3
425720,329620,31.8
426140,329620,50.2
426560,329620,70.2
426980,329620,91.0
398000,330040,146.0
398420,330040,137.2
398840,330040,129.2
399260,330040,122.4
399680,330040,117.3
400100,330040,114.1
400520,330040,113.1
400940,330040,114.3
401360,330040,117.5
401780,330040,122.6
402200,330040,129.3
402620,330040,137.0
403040,330040,145.2
403460,330040,153.5
403880,330040,161.0
404300,330040,167.3
404720,330040,171.8
405140,330040,174.0
405560,330040,173.4
405980,330040,169.8
406400,330040,163.1
406820,330040,153.1
407240,330040,140.1
407660,330040,124.3
408080,330040,106.1
408500,330040,85.9
408920,330040,64.5
409340,330040,42.4
409760,330040,20.3
410180,330040,0
410600,330040,0
411020,330040,0
411440,330040,0
411860,330040,0
412280,330040,0
412700,330040,0
413120,330040,0
413540,330040,0
413960,330040,0
414380,330040,0
414800,330040,0
415220,330040,0
415640,330040,0
416060,330040,0
416480,330040,0
416900,330040,0
417320,330040,0.9
417740,330040,8.1
418160,330040,13.2
418580,330040,16.1
419000,330040,16.8
419420,330040,15.4
419840,330040,12.2
420260,330040,7.4
420680,330040,1.7
421100,330040,0
421520,330040,0
421940,330040,0
422360,330040,0
422780,330040,0
423200,330040,0
423620,330040,0
424040,330040,0
424460,330040,0
424880,330040,6.3
425300,330040,20.7
425720,330040,37.4
426140,330040,56.2
426560,330040,76.5
426980,330040,97.6
398000,330460,153.3
398420,330460,144.6
398840,330460,136.7
399260,330460,130.0
399680,330460,124.9
400100,330460,121.7
400520,330460,120.7
400940,330460,121.8
401360,330460,125.0
401780,330460,130.1
402200,330460,136.7
402620,330460,144.3
403040,330460,152.4
403460,330460,160.5
403880,330460,167.9
404300,330460,174.0
404720,330460,178.3
405140,330460,180.2
405560,330460,179.5
405980,330460,175.7
406400,330460,168.7
406820,330460,158.5
407240,330460,145.2
407660,330460,129.1
408080,330460,110.6
408500,330460,90.2
408920,330460,68.5
409340,330460,46.2
409760,330460,23.9
410180,330460,2.3
410600,330460,0
411020,330460,0
411440,330460,0
411860,330460,0
412280,330460,0
412700,330460,0
413120,330460,0
413540,330460,0
413960,330460,0
414380,330460,0
414800,330460,0
415220,330460,0
415640,330460,0
416060,330460,0
416480,330460,0
416900,330460,0
417320,330460,2.1
417740,330460,9.3
418160,330460,14.5
418580,330460,17.5
419000,330460,18.3
419420,330460,17.0
419840,330460,13.9
420260,330460,9.4
420680,330460,3.8
421100,330460,0
421520,330460,0
421940,330460,0
422360,330460,0
422780,330460,0
423200,330460,0
423620,330460,0
424040,330460,0
424460,330460,0
424880,330460,10.8
425300,330460,25.4
425720,330460,42.4
426140,330460,61.4
426560,330460,82.0
426980,330460,103.3
398000,330880,159.1
398420,330880,150.5
398840,330880,142.6
399260,330880,136.0
399680,330880,130.9
400100,330880,127.8
400520,330880,126.7
400940,330880,127.9
401360,330880,131.0
401780,330880,136.0
402200,330880,142.5
402620,330880,150.1
403040,330880,158.1
403460,330880,166.1
403880,330880,173.4
404300,330880,179.4
404720,330880,183.5
405140,330880,185.3
405560,330880,184.4
405980,330880,180.4
406400,330880,173.3
406820,330880,162.9
407240,330880,149.4
407660,330880,133.2
408080,330880,114.5
408500,330880,93.9
408920,330880,72.0
409340,330880,49.4
409760,330880,27.0
410180,330880,5.2
410600,330880,0
411020,330880,0
411440,330880,0
411860,330880,0
412280,330880,0
412700,330880,0
413120,330880,0
413540,330880,0
413960,330880,0
414380,330880,0
414800,330880,0
415220,330880,0
415640,330880,0
416060,330880,0
416480,330880,0
416900,330880,0
417320,330880,3.5
417740,330880,10.7
418160,330880,16.0
418580,330880,19.0
419000,330880,19.9
419420,330880,18.7
419840,330880,15.7
420260,330880,11.3
420680,330880,5.9
421100,330880,0.0
421520,330880,0
421940,330880,0
422360,330880,0
422780,330880,0
423200,330880,0
423620,330880,0
424040,330880,0
424460,330880,2.6
424880,330880,14.6
425300,330880,29.3
425720,330880,46.5
426140,330880,65.8
426560,330880,86.5
426980,330880,108.0
398000,331300,163.3
398420,331300,154.8
398840,331300,146.9
399260,331300,140.3
399680,331300,135.3
400100,331300,132.1
400520,331300,131.1
400940,331300,132.2
401360,331300,135.4
401780,331300,140.3
402200,331300,146.8
402620,331300,154.3
403040,331300,162.3
403460,331300,170.2
403880,331300,177.4
404300,331300,183.3
404720,331300,187.4
405140,331300,189.1
405560,331300,188.1
405980,331300,184.0
406400,331300,176.7
406820,331300,166.2
407240,331300,152.7
407660,331300,136.3
408080,331300,117.5
408500,331300,96.8
408920,331300,74.8
409340,331300,52.1
409760,331300,29.5
410180,331300,7.6
410600,331300,0
411020,331300,0
411440,331300,0
411860,331300,0
412280,331300,0
412700,331300,0
413120,331300,0
413540,331300,0
413960,331300,0
414380,331300,0
414800,331300,0
415220,331300,0
415640,331300,0
416060,331300,0
416480,331300,0
416900,331300,0
417320,331300,5.0
417740,331300,12.2
418160,331300,17.5
418580,331300,20.6
419000,331300,21.5
419420,331300,20.4
419840,331300,17.5
420260,331300,13.1
420680,331300,7.8
421100,331300,2.0
421520,331300,0
421940,331300,0
422360,331300,0
422780,331300,0
423200,331300,0
423620,331300,0
424040,331300,0
424460,331300,5.4
424880,331300,17.5
425300,331300,32.4
425720,331300,49.7
426140,331300,69.1
426560,331300,89.9
426980,331300,111.5
398000,331720,165.8
398420,331720,157.3
398840,331720,149.5
399260,331720,142.8
399680,331720,137.8
400100,331720,134.7
400520,331720,133.6
400940,331720,134.8
401360,331720,137.9
401780,331720,142.9
402200,331720,149.3
402620,331720,156.8
403040,331720,164.7
403460,331720,172.6
403880,331720,179.8
404300,331720,185.7
404720,331720,189.7
405140,331720,191.4
405560,331720,190.4
405980,331720,186.2
406400,331720,178.9
406820,331720,168.4
407240,331720,154.8
407660,331720,138.4
408080,331720,119.5
408500,331720,98.8
408920,331720,76.7
409340,331720,54.0
409760,331720,31.4
410180,331720,9.5
410600,331720,0
411020,331720,0
411440,331720,0
411860,331720,0
412280,331720,0
412700,331720,0
413120,331720,0
413540,331720,0
413960,331720,0
414380,331720,0
414800,331720,0
415220,331720,0
415640,331720,0
416060,331720,0
416480,331720,0
416900,331720,0
417320,331720,6.5
417740,331720,13.7
418160,331720,19.0
418580,331720,22.1
419000,331720,23.1
419420,331720,22.0
419840,331720,19.1
420260,331720,14.7
420680,331720,9.4
421100,331720,3.7
421520,331720,0
421940,331720,0
422360,331720,0
422780,331720,0
423200,331720,0
423620,331720,0
424040,331720,0
424460,331720,7.4
424880,331720,19.6
425300,331720,34.5
425720,331720,51.8
426140,331720,71.2
426560,331720,92.1
426980,331720,113.8
398000,332140,166.5
398420,332140,158.0
398840,332140,150.2
399260,332140,143.5
399680,332140,138.5
400100,332140,135.4
400520,332140,134.3
400940,332140,135.4
401360,332140,138.6
401780,332140,143.6
402200,332140,150.0
402620,332140,157.5
403040,332140,165.5
403460,332140,173.4
403880,332140,180.6
404300,332140,186.5
404720,332140,190.5
405140,332140,192.3
405560,332140,191.2
405980,332140,187.1
406400,332140,179.9
406820,332140,169.4
407240,332140,155.8
407660,332140,139.4
408080,332140,120.6
408500,332140,99.9
408920,332140,77.8
409340,332140,55.2
409760,332140,32.5
410180,332140,10.7
410600,332140,0
411020,332140,0
411440,332140,0
411860,332140,0
412280,332140,0
412700,332140,0
413120,332140,0
413540,332140,0
413960,332140,0
414380,332140,0
414800,332140,0
415220,332140,0
415640,332140,0
416060,332140,0
416480,332140,0
416900,332140,0
417320,332140,7.9
417740,332140,15.2
418160,332140,20.5
418580,332140,23.6
419000,332140,24.5
419420,332140,23.4
419840,332140,20.4
420260,332140,16.1
420680,332140,10.8
421100,332140,5.0
421520,332140,0
421940,332140,0
422360,332140,0
422780,332140,0
423200,332140,0
423620,332140,0
424040,332140,0
424460,332140,8.5
424880,332140,20.6
425300,332140,35.5
425720,332140,52.8
426140,332140,72.2
426560,332140,93.0
426980,332140,114.7
398000,332560,165.4
398420,332560,156.9
398840,332560,149.0
399260,332560,142.3
399680,332560,137.3
400100,332560,134.1
400520,332560,133.1
400940,332560,134.2
401360,332560,137.4
401780,332560,142.4
402200,332560,148.9
402620,332560,156.4
403040,332560,164.4
403460,332560,172.4
403880,332560,179.6
404300,332560,185.6
404720,332560,189.8
405140,332560,191.6
405560,332560,190.6
405980,332560,186.6
406400,332560,179.4
406820,332560,169.1
407240,332560,155.6
407660,332560,139.3
408080,332560,120.6
408500,332560,100.0
408920,332560,78.0
409340,332560,55.5
409760,332560,33.0
410180,332560,11.2
410600,332560,0
411020,332560,0
411440,332560,0
411860,332560,0
412280,332560,0
412700,332560,0
413120,332560,0
413540,332560,0
413960,332560,0
414380,332560,0
414800,332560,0
415220,332560,0
415640,332560,0
416060,332560,0
416480,332560,0
416900,332560,0.3
417320,332560,9.3
417740,332560,16.5
418160,332560,21.8
418580,332560,24.8
419000,332560,25.7
419420,332560,24.5
419840,332560,21.6
420260,332560,17.1
420680,332560,11.7
421100,332560,5.9
421520,332560,0.2
421940,332560,0
422360,332560,0
422780,332560,0
423200,332560,0
423620,332560,0
424040,332560,0
424460,332560,8.6
424880,332560,20.6
425300,332560,35.4
425720,332560,52.7
426140,332560,71.9
426560,332560,92.6
426980,332560,114.2
398000,332980,162.5
398420,332980,153.9
398840,332980,145.9
399260,332980,139.2
399680,332980,134.1
400100,332980,131.0
400520,332980,130.0
400940,332980,131.1
401360,332980,134.3
401780,332980,139.3
402200,332980,145.9
402620,332980,153.5
403040,332980,161.6
403460,332980,169.7
403880,332980,177.0
404300,332980,183.1
404720,332980,187.4
405140,332980,189.3
405560,332980,188.5
405980,332980,184.7
406400,332980,177.7
406820,332980,167.5
407240,332980,154.2
407660,332980,138.1
408080,332980,119.5
408500,332980,99.1
408920,332980,77.3
409340,332980,54.9
409760,332980,32.6
410180,332980,11.0
410600,332980,0
411020,332980,0
411440,332980,0
411860,332980,0
412280,332980,0
412700,332980,0
413120,332980,0
413540,332980,0
413960,332980,0
414380,332980,0
414800,332980,0
415220,332980,0
415640,332980,0
416060,332980,0
416480,332980,0
416900,332980,1.6
417320,332980,10.5
417740,332980,17.8
418160,332980,23.0
418580,332980,26.0
419000,332980,26.8
419420,332980,25.5
419840,332980,22.4
420260,332980,17.9
420680,332980,12.4
421100,332980,6.4
421520,332980,0.6
421940,332980,0
422360,332980,0
422780,332980,0
423200,332980,0
423620,332980,0
424040,332980,0
424460,332980,7.8
424880,332980,19.7
425300,332980,34.3
425720,332980,51.3
426140,332980,70.4
426560,332980,90.9
426980,332980,112.3
